foil,alpha,ncrit,conv,aero_conv,failure_mode,newton_iterations,wall_ms,CL,CD,OASPL,rescue_conv,rescue_conv_guarded
AG17.dat,-4.0,5.0,1,1,,6,84.6,-0.20038745031894337,0.006878587498425856,69.78601785900429,,
AG17.dat,-2.0,5.0,1,1,,6,75.5,0.018560073391074614,0.006337449147346641,69.89304031283159,,
AG17.dat,0.0,5.0,1,1,,4,57.3,0.2391000140137862,0.006036895745550898,69.72740118339665,,
AG17.dat,2.0,5.0,1,1,,7,78.2,0.4593397964788761,0.006309751924522455,69.41747241975928,,
AG17.dat,4.0,5.0,1,1,,30,226.1,0.6763287431306805,0.006704674608158673,67.66024049990344,,
AG17.dat,6.0,5.0,0,0,transition_front_oscillation,100,450.1,,,,1,1
AG17.dat,8.0,5.0,1,1,,7,73.1,1.1017527103895048,0.011627707445843845,68.46318044752206,,
AG17.dat,-4.0,9.0,1,1,,8,82.3,-0.20099540136973645,0.00678909379612411,68.22138749917886,,
AG17.dat,-2.0,9.0,1,1,,8,85.2,0.02413170236119524,0.005369307221047759,69.42636149589252,,
AG17.dat,0.0,9.0,1,1,,7,74.7,0.24187003640456034,0.004900102823788331,69.12475530121785,,
AG17.dat,2.0,9.0,1,1,,6,63.6,0.45965057187893965,0.004709427152101741,67.10103029402704,,
AG17.dat,4.0,9.0,1,1,,7,77.5,0.6783066426221414,0.006258008792371825,67.55591034588699,,
AG17.dat,6.0,9.0,0,0,transition_front_oscillation,100,428.4,,,,1,1
AG17.dat,8.0,9.0,1,1,,7,69.8,1.1008083411130833,0.011998346495393226,68.519192094786,,
AH 79-100 C AIRFOIL.dat,-4.0,5.0,1,1,,7,95.0,0.4703108311994169,0.006633323392761591,71.1945439491302,,
AH 79-100 C AIRFOIL.dat,-2.0,5.0,1,1,,9,94.8,0.6916431840009464,0.006356568547420801,72.36744594261162,,
AH 79-100 C AIRFOIL.dat,0.0,5.0,1,1,,5,63.8,0.9116517866855569,0.006330334887777266,73.620923539669,,
AH 79-100 C AIRFOIL.dat,2.0,5.0,1,1,,18,153.4,1.123772328197542,0.006832447147610199,75.21459488141517,,
AH 79-100 C AIRFOIL.dat,4.0,5.0,1,1,,41,317.7,1.3116018516146657,0.008098315102819614,77.30933061075922,,
AH 79-100 C AIRFOIL.dat,6.0,5.0,0,0,nan_lock,100,290.0,,,,1,1
AH 79-100 C AIRFOIL.dat,8.0,5.0,1,1,,11,101.3,1.5696647052764525,0.01688486797720106,90.56791619116332,,
AH 79-100 C AIRFOIL.dat,-4.0,9.0,1,1,,14,134.1,0.48262014660173747,0.00639520824495692,70.09481510005898,,
AH 79-100 C AIRFOIL.dat,-2.0,9.0,0,0,transition_front_oscillation,100,462.0,,,,1,0
AH 79-100 C AIRFOIL.dat,0.0,9.0,0,0,no_convergence,100,511.4,,,,1,1
AH 79-100 C AIRFOIL.dat,2.0,9.0,1,1,,11,104.7,1.138486954038233,0.0051899170430983405,73.52175415828721,,
AH 79-100 C AIRFOIL.dat,4.0,9.0,1,1,,21,176.6,1.3407764788825152,0.006512294714004983,75.96044619465921,,
AH 79-100 C AIRFOIL.dat,6.0,9.0,1,1,,56,448.5,1.4948148883530314,0.009891047413101175,80.00148185674036,,
AH 79-100 C AIRFOIL.dat,8.0,9.0,0,0,diverged,100,437.1,,,,1,1
AH21 7% version (Andrew Hollom).dat,-4.0,5.0,0,0,transition_front_oscillation,100,531.4,,,,1,1
AH21 7% version (Andrew Hollom).dat,-2.0,5.0,1,1,,32,250.5,0.16836974137619568,0.00537842151386781,67.95816593230391,,
AH21 7% version (Andrew Hollom).dat,0.0,5.0,1,1,,10,98.2,0.36071421190484143,0.005166575665394362,68.98796425212747,,
AH21 7% version (Andrew Hollom).dat,2.0,5.0,1,1,,17,153.0,0.5558834139085839,0.006766056765999951,70.55829225112119,,
AH21 7% version (Andrew Hollom).dat,4.0,5.0,1,1,,34,275.5,0.7610547512224413,0.008170824381523011,71.27780461422067,,
AH21 7% version (Andrew Hollom).dat,6.0,5.0,1,1,,43,356.1,0.9664164991080327,0.009576834587837065,71.79837649092259,,
AH21 7% version (Andrew Hollom).dat,8.0,5.0,1,1,,54,409.1,1.1695441496503935,0.011653246158264543,72.85707382607592,,
AH21 7% version (Andrew Hollom).dat,-4.0,9.0,1,1,,36,269.5,-0.048312204885321994,0.006432747638664484,69.91496064822357,,
AH21 7% version (Andrew Hollom).dat,-2.0,9.0,1,1,,26,207.2,0.17153150288820482,0.004768800129573592,67.76911891147891,,
AH21 7% version (Andrew Hollom).dat,0.0,9.0,1,1,,7,74.9,0.3816883898643599,0.003477029345768863,67.18090886989339,,
AH21 7% version (Andrew Hollom).dat,2.0,9.0,1,1,,34,270.6,0.5664255762748769,0.005158423318489276,69.60250006808606,,
AH21 7% version (Andrew Hollom).dat,4.0,9.0,1,1,,26,204.4,0.7581470134963186,0.007563047037391055,70.71822383025678,,
AH21 7% version (Andrew Hollom).dat,6.0,9.0,1,1,,51,379.1,0.967549409183116,0.0094682659017191,71.78038129452776,,
AH21 7% version (Andrew Hollom).dat,8.0,9.0,1,1,,21,172.5,1.1705187132097292,0.011570013287894232,72.84749026704395,,
BELL-WORTMANN FX 69-H-083 AIRFOIL.dat,-4.0,5.0,1,1,,5,73.4,-0.2554555840871312,0.007783139121754295,69.44838271334243,,
BELL-WORTMANN FX 69-H-083 AIRFOIL.dat,-2.0,5.0,1,1,,6,76.8,-0.03655900032944122,0.00685449091189055,69.23003145504899,,
BELL-WORTMANN FX 69-H-083 AIRFOIL.dat,0.0,5.0,0,0,transition_front_oscillation,100,466.7,,,,1,0
BELL-WORTMANN FX 69-H-083 AIRFOIL.dat,2.0,5.0,1,1,,8,92.8,0.38310610159167724,0.0045887225583909905,65.98861631763327,,
BELL-WORTMANN FX 69-H-083 AIRFOIL.dat,4.0,5.0,1,1,,58,463.6,0.6227504504833925,0.006157200156970038,66.98202492928296,,
BELL-WORTMANN FX 69-H-083 AIRFOIL.dat,6.0,5.0,0,0,transition_front_oscillation,100,467.1,,,,1,1
BELL-WORTMANN FX 69-H-083 AIRFOIL.dat,8.0,5.0,1,1,,6,67.8,1.0402518698834853,0.011480924271842639,70.20708400916861,,
BELL-WORTMANN FX 69-H-083 AIRFOIL.dat,-4.0,9.0,1,1,,17,152.7,-0.2517040380471112,0.007972481909544363,69.42890498609106,,
BELL-WORTMANN FX 69-H-083 AIRFOIL.dat,-2.0,9.0,1,1,,8,92.8,-0.033310028947735534,0.006610263824930214,69.125716705899,,
BELL-WORTMANN FX 69-H-083 AIRFOIL.dat,0.0,9.0,1,1,,10,97.0,0.1740085621640326,0.004423115725379856,68.07012869448738,,
BELL-WORTMANN FX 69-H-083 AIRFOIL.dat,2.0,9.0,0,0,transition_front_oscillation,100,441.1,,,,1,1
BELL-WORTMANN FX 69-H-083 AIRFOIL.dat,4.0,9.0,1,1,,28,217.2,0.6727771355184367,0.005455129334074236,66.86684593289903,,
BELL-WORTMANN FX 69-H-083 AIRFOIL.dat,6.0,9.0,0,0,diverged,100,432.1,,,,1,1
BELL-WORTMANN FX 69-H-083 AIRFOIL.dat,8.0,9.0,1,1,,6,62.3,1.0376410004893044,0.011815939309184903,70.36523096442284,,
CH10 (smoothed).dat,-4.0,5.0,1,1,,15,151.2,0.7834397460987358,0.007794294715761725,71.75214503407821,,
CH10 (smoothed).dat,-2.0,5.0,1,1,,10,99.1,1.0079933533176415,0.0075536858775260935,72.56545469426806,,
CH10 (smoothed).dat,0.0,5.0,1,1,,12,118.1,1.2272889968524536,0.007698401886897353,73.77992762615634,,
CH10 (smoothed).dat,2.0,5.0,1,1,,10,99.6,1.4385980658751027,0.008038374716406284,75.61349752213451,,
CH10 (smoothed).dat,4.0,5.0,1,1,,8,86.1,1.6345069822608218,0.008753685750465477,78.78954616667266,,
CH10 (smoothed).dat,6.0,5.0,1,1,,7,80.3,1.8036485053962876,0.010159798740222676,86.45424711395025,,
CH10 (smoothed).dat,8.0,5.0,0,0,diverged,100,436.9,,,,1,1
CH10 (smoothed).dat,-4.0,9.0,1,1,,21,195.2,0.789657977326062,0.007766392706952437,71.33248180958701,,
CH10 (smoothed).dat,-2.0,9.0,0,0,no_convergence,100,504.3,,,,1,1
CH10 (smoothed).dat,0.0,9.0,1,1,,25,207.0,1.2368014138681973,0.007353002574608229,73.04326222371586,,
CH10 (smoothed).dat,2.0,9.0,1,1,,12,111.3,1.4534588938247697,0.00743809014757904,74.48832846588485,,
CH10 (smoothed).dat,4.0,9.0,1,1,,34,256.4,1.6545123178256227,0.007660323051417645,76.81033580235729,,
CH10 (smoothed).dat,6.0,9.0,1,1,,46,351.3,1.8338033169501047,0.009081134108114937,82.34187032298478,,
CH10 (smoothed).dat,8.0,9.0,0,0,nan_lock,100,277.0,,,,1,1
DAE-11 AIRFOIL.dat,-4.0,5.0,1,1,,11,119.7,0.19986853957812928,0.007871747921508911,69.67363892262831,,
DAE-11 AIRFOIL.dat,-2.0,5.0,1,1,,23,182.8,0.4336386583072214,0.00705691158182412,69.47748316392745,,
DAE-11 AIRFOIL.dat,0.0,5.0,1,1,,22,182.6,0.6670673844598768,0.0066421058528615805,69.23163289274916,,
DAE-11 AIRFOIL.dat,2.0,5.0,1,1,,6,69.2,0.8975973257425661,0.006010609939297031,68.66322302104525,,
DAE-11 AIRFOIL.dat,4.0,5.0,1,1,,4,51.4,1.122772881209122,0.005831789115815457,67.29685220864896,,
DAE-11 AIRFOIL.dat,6.0,5.0,1,1,,8,79.0,1.340398129401786,0.007555686442196348,69.47330462766834,,
DAE-11 AIRFOIL.dat,8.0,5.0,1,1,,22,184.0,1.530839471050767,0.011049217423135296,74.7217680288203,,
DAE-11 AIRFOIL.dat,-4.0,9.0,1,1,,9,90.8,0.20056828119491335,0.008543628323081516,69.74868344838782,,
DAE-11 AIRFOIL.dat,-2.0,9.0,1,1,,7,78.5,0.43400004956328114,0.007144774637743745,69.50928808434276,,
DAE-11 AIRFOIL.dat,0.0,9.0,1,1,,7,75.1,0.6678356653269424,0.006397938893130478,69.12495142027423,,
DAE-11 AIRFOIL.dat,2.0,9.0,1,1,,8,74.8,0.8971000417769658,0.004751229526610014,66.32442722714993,,
DAE-11 AIRFOIL.dat,4.0,9.0,1,1,,10,95.2,1.127439169314944,0.005321912130495836,66.75924203806451,,
DAE-11 AIRFOIL.dat,6.0,9.0,1,1,,7,74.4,1.3515945399422464,0.00637645859152033,67.9868793077384,,
DAE-11 AIRFOIL.dat,8.0,9.0,1,1,,35,266.1,1.5575526844978704,0.008825349960402384,71.50902227814488,,
E186 (10.27%).dat,-4.0,5.0,1,1,,14,145.7,-0.527601327100973,0.008749406277000008,70.14440859917475,,
E186 (10.27%).dat,-2.0,5.0,0,0,transition_front_oscillation,100,448.6,,,,0,0
E186 (10.27%).dat,0.0,5.0,1,1,,32,256.8,-0.08908242720112057,0.006053869150193363,69.06374250992691,,
E186 (10.27%).dat,2.0,5.0,1,1,,5,61.3,0.11247955102596513,0.004362037286737768,67.39517920361186,,
E186 (10.27%).dat,4.0,5.0,1,1,,7,79.2,0.3806784949463985,0.005339185518115074,65.67894296252452,,
E186 (10.27%).dat,6.0,5.0,1,1,,9,92.5,0.633274533042897,0.008199755519088255,66.46192805330959,,
E186 (10.27%).dat,8.0,5.0,1,1,,46,340.3,0.8652583123531368,0.010470101526566085,67.60136321006104,,
E186 (10.27%).dat,-4.0,9.0,1,1,,44,345.4,-0.5278351573323348,0.008622304567421938,70.09891262812982,,
E186 (10.27%).dat,-2.0,9.0,1,1,,29,234.4,-0.3094715058757092,0.007005450457170253,69.5983757851219,,
E186 (10.27%).dat,0.0,9.0,1,1,,23,188.0,-0.10486845133675637,0.004584128321751097,68.14602313301612,,
E186 (10.27%).dat,2.0,9.0,1,1,,25,212.3,0.15041777824838995,0.004517838516189207,65.46279488297148,,
E186 (10.27%).dat,4.0,9.0,1,1,,8,81.8,0.4288263242155798,0.0051743875091059995,66.12518940332933,,
E186 (10.27%).dat,6.0,9.0,1,1,,10,98.7,0.6896631979199269,0.0077619576193540245,66.74028156198364,,
E186 (10.27%).dat,8.0,9.0,1,1,,7,76.1,0.9125639219786785,0.010617732306879119,67.71671378209962,,
E374.dat,-4.0,5.0,1,1,,19,187.4,-0.23030046929741557,0.00785318670576871,69.3136953514858,,
E374.dat,-2.0,5.0,1,1,,10,110.5,-0.011593863166591334,0.006785770377304513,68.9440358316364,,
E374.dat,0.0,5.0,1,1,,37,289.5,0.20226189390338786,0.005448425890653171,68.38898426664053,,
E374.dat,2.0,5.0,1,1,,6,71.0,0.4120075542306466,0.004790765931233917,67.86484133404306,,
E374.dat,4.0,5.0,1,1,,33,259.1,0.6225912506258903,0.00593095457100427,75.42451425584912,,
E374.dat,6.0,5.0,1,1,,18,160.7,0.8462336182405851,0.009022406805013374,69.330770018415,,
E374.dat,8.0,5.0,0,0,nan_lock,100,34.5,,,,1,1
E374.dat,-4.0,9.0,1,1,,50,373.5,-0.22806229368976091,0.007647434821883151,69.2207836892984,,
E374.dat,-2.0,9.0,1,1,,55,437.3,-0.013377512540889105,0.006139954212976052,68.72961592870456,,
E374.dat,0.0,9.0,1,1,,19,171.4,0.19008838625272562,0.004267509534530601,67.67051682592827,,
E374.dat,2.0,9.0,1,1,,22,189.6,0.407632711215738,0.004261693014875249,67.6521603320727,,
E374.dat,4.0,9.0,0,0,nan_lock,100,85.1,,,,1,1
E374.dat,6.0,9.0,1,1,,11,102.0,0.8939927004674121,0.008569976182910935,68.81244074240688,,
E374.dat,8.0,9.0,1,1,,11,110.4,1.0510213690327204,0.011416507524067619,71.3705337146652,,
EPPLER 1098 AIRFOIL.dat,-4.0,5.0,0,0,transition_front_oscillation,100,539.8,,,,1,0
EPPLER 1098 AIRFOIL.dat,-2.0,5.0,1,1,,24,193.2,0.29681918223779086,0.005909066292857809,68.477786866288,,
EPPLER 1098 AIRFOIL.dat,0.0,5.0,0,0,diverged,100,493.6,,,,1,1
EPPLER 1098 AIRFOIL.dat,2.0,5.0,1,1,,24,210.9,0.7738693722663944,0.0061539569251988745,68.9665090399218,,
EPPLER 1098 AIRFOIL.dat,4.0,5.0,1,1,,21,182.5,1.0078389135751198,0.00646977271824488,69.56593329040263,,
EPPLER 1098 AIRFOIL.dat,6.0,5.0,1,1,,24,218.9,1.1992229698900905,0.009181021571320008,73.17526145124722,,
EPPLER 1098 AIRFOIL.dat,8.0,5.0,0,0,no_convergence,100,476.4,,,,1,1
EPPLER 1098 AIRFOIL.dat,-4.0,9.0,1,1,,12,115.7,0.05808401830729174,0.0061395012560442825,68.32954717749479,,
EPPLER 1098 AIRFOIL.dat,-2.0,9.0,1,1,,24,217.7,0.2975019728659414,0.0060288329738790725,68.39081186555865,,
EPPLER 1098 AIRFOIL.dat,0.0,9.0,1,1,,9,92.1,0.5367642387072231,0.006181335104147821,68.47410147598809,,
EPPLER 1098 AIRFOIL.dat,2.0,9.0,1,1,,8,91.8,0.7745747522842557,0.006288793870892304,68.71055288317136,,
EPPLER 1098 AIRFOIL.dat,4.0,9.0,1,1,,21,186.8,1.0106086462240738,0.006429048600951097,69.16534889400168,,
EPPLER 1098 AIRFOIL.dat,6.0,9.0,1,1,,9,94.5,1.2413657742361874,0.006759795890118551,70.08818133545961,,
EPPLER 1098 AIRFOIL.dat,8.0,9.0,1,1,,23,190.7,1.3849637937477193,0.01116701097112414,77.21014460144148,,
EPPLER 399 AIRFOIL.dat,-4.0,5.0,1,1,,6,80.5,0.2411466563852918,0.007035881068776826,69.22859793299467,,
EPPLER 399 AIRFOIL.dat,-2.0,5.0,1,1,,5,64.8,0.4763702071265195,0.006572774236991585,69.47550312592055,,
EPPLER 399 AIRFOIL.dat,0.0,5.0,1,1,,23,197.3,0.710530460669419,0.006483875066022326,69.79478667540386,,
EPPLER 399 AIRFOIL.dat,2.0,5.0,1,1,,6,70.5,0.9421238187363391,0.006688723941183687,70.27328850209886,,
EPPLER 399 AIRFOIL.dat,4.0,5.0,1,1,,30,248.1,1.166586506117675,0.007370699606471643,71.19395160973912,,
EPPLER 399 AIRFOIL.dat,6.0,5.0,0,0,transition_front_oscillation,100,448.5,,,,0,0
EPPLER 399 AIRFOIL.dat,8.0,5.0,0,0,transition_front_oscillation,100,441.3,,,,0,0
EPPLER 399 AIRFOIL.dat,-4.0,9.0,1,1,,23,189.8,0.2447751030682759,0.0065724962392021405,69.03456102843762,,
EPPLER 399 AIRFOIL.dat,-2.0,9.0,1,1,,24,200.2,0.4798627750072955,0.006168172708606113,69.26571805261685,,
EPPLER 399 AIRFOIL.dat,0.0,9.0,1,1,,25,203.2,0.7141481013250258,0.006132944072319919,69.56029161063445,,
EPPLER 399 AIRFOIL.dat,2.0,9.0,1,1,,12,114.1,0.9470620440926697,0.006255581513732791,69.94868672516083,,
EPPLER 399 AIRFOIL.dat,4.0,9.0,1,1,,6,66.7,1.1758684879481445,0.006632738369168532,70.62145240442753,,
EPPLER 399 AIRFOIL.dat,6.0,9.0,1,1,,32,245.6,1.3925752268115466,0.00765293228602267,71.96942831265494,,
EPPLER 399 AIRFOIL.dat,8.0,9.0,0,0,transition_front_oscillation,100,429.6,,,,1,1
EPPLER 502 AIRFOIL.dat,-4.0,5.0,1,1,,43,385.7,-0.290741148820608,0.008445947167896886,71.40007072238598,,
EPPLER 502 AIRFOIL.dat,-2.0,5.0,1,1,,12,119.9,-0.08533957111433055,0.006196108859278458,68.57437240976012,,
EPPLER 502 AIRFOIL.dat,0.0,5.0,1,1,,9,90.1,0.1304675497948522,0.00483465912417329,67.42133238250803,,
EPPLER 502 AIRFOIL.dat,2.0,5.0,1,1,,8,85.8,0.36425299123833815,0.005004047621997836,67.49306510727169,,
EPPLER 502 AIRFOIL.dat,4.0,5.0,1,1,,23,189.8,0.5831663311278943,0.00626251484900118,68.56366961728438,,
EPPLER 502 AIRFOIL.dat,6.0,5.0,1,1,,25,208.9,0.776544222616563,0.009162781875858656,71.99909872139109,,
EPPLER 502 AIRFOIL.dat,8.0,5.0,0,0,nan_lock,100,132.8,,,,1,1
EPPLER 502 AIRFOIL.dat,-4.0,9.0,0,0,nan_lock,100,293.3,,,,1,0
EPPLER 502 AIRFOIL.dat,-2.0,9.0,1,1,,20,168.4,-0.10360785409435455,0.0047976674251209595,67.45743160454323,,
EPPLER 502 AIRFOIL.dat,0.0,9.0,1,1,,10,99.9,0.1302272527759277,0.005008317663718674,67.57726633294335,,
EPPLER 502 AIRFOIL.dat,2.0,9.0,1,1,,6,68.7,0.3652509402493525,0.005024773156280697,67.51357731491932,,
EPPLER 502 AIRFOIL.dat,4.0,9.0,0,0,transition_front_oscillation,100,438.7,,,,1,1
EPPLER 502 AIRFOIL.dat,6.0,9.0,0,0,no_convergence,100,448.0,,,,1,1
EPPLER 502 AIRFOIL.dat,8.0,9.0,0,0,transition_front_oscillation,100,437.8,,,,1,1
EPPLER 582 AIRFOIL.dat,-4.0,5.0,1,1,,5,82.2,0.12426506249132582,0.007859629280824728,69.35450493941173,,
EPPLER 582 AIRFOIL.dat,-2.0,5.0,1,1,,7,87.0,0.3528549216638551,0.0069137564744231874,69.02333394731878,,
EPPLER 582 AIRFOIL.dat,0.0,5.0,1,1,,6,65.1,0.5874183698287934,0.005103384226277572,68.96919623503445,,
EPPLER 582 AIRFOIL.dat,2.0,5.0,1,1,,6,69.3,0.8150229079100719,0.005796993103421443,70.04157188507875,,
EPPLER 582 AIRFOIL.dat,4.0,5.0,1,1,,16,138.4,1.0299614385579816,0.007133009796989213,71.78301636338529,,
EPPLER 582 AIRFOIL.dat,6.0,5.0,1,1,,35,268.0,1.2208089008295373,0.009534902660829873,75.04052351755067,,
EPPLER 582 AIRFOIL.dat,8.0,5.0,1,1,,39,304.6,1.367247431371865,0.013009070318395937,82.43003381607521,,
EPPLER 582 AIRFOIL.dat,-4.0,9.0,1,1,,25,203.3,0.12721056110031892,0.007866848122976961,69.2543129026959,,
EPPLER 582 AIRFOIL.dat,-2.0,9.0,1,1,,10,109.3,0.3554882686041507,0.00633248959676845,68.64319441755521,,
EPPLER 582 AIRFOIL.dat,0.0,9.0,1,1,,14,124.0,0.5912399917128695,0.004981860028068489,68.78260426543088,,
EPPLER 582 AIRFOIL.dat,2.0,9.0,1,1,,19,168.2,0.8206077176338352,0.005533394533462968,69.68011013402628,,
EPPLER 582 AIRFOIL.dat,4.0,9.0,1,1,,7,73.1,1.0446777300267354,0.006234688107792309,70.77897825247861,,
EPPLER 582 AIRFOIL.dat,6.0,9.0,1,1,,25,209.9,1.2475463934614714,0.008036404628174273,73.28290683210122,,
EPPLER 582 AIRFOIL.dat,8.0,9.0,0,0,no_convergence,100,435.9,,,,1,1
EPPLER 637 AIRFOIL.dat,-4.0,5.0,1,1,,5,78.4,-0.25377981047061055,0.009158606262196714,70.14325728295861,,
EPPLER 637 AIRFOIL.dat,-2.0,5.0,1,1,,36,323.0,-0.03411310958612091,0.008362427467179643,69.70714984519486,,
EPPLER 637 AIRFOIL.dat,0.0,5.0,0,0,transition_front_oscillation,100,494.3,,,,1,1
EPPLER 637 AIRFOIL.dat,2.0,5.0,1,1,,28,247.5,0.3724702166089984,0.0054420490690015545,68.52239672571342,,
EPPLER 637 AIRFOIL.dat,4.0,5.0,1,1,,28,242.8,0.6039466360763872,0.006105523022435258,66.11861497603013,,
EPPLER 637 AIRFOIL.dat,6.0,5.0,1,1,,10,99.7,0.8406837531934278,0.006836570250735662,66.55377853962581,,
EPPLER 637 AIRFOIL.dat,8.0,5.0,1,1,,6,73.1,1.0769505739983154,0.008034998103801065,67.33122089234858,,
EPPLER 637 AIRFOIL.dat,-4.0,9.0,1,1,,23,210.2,-0.24972374191350846,0.00936724929250741,70.09753291064288,,
EPPLER 637 AIRFOIL.dat,-2.0,9.0,1,1,,24,220.4,-0.03213118378183971,0.008263067497875606,69.67369682668364,,
EPPLER 637 AIRFOIL.dat,0.0,9.0,1,1,,38,332.0,0.18790508449372006,0.007673084038793925,69.2556328152984,,
EPPLER 637 AIRFOIL.dat,2.0,9.0,1,1,,28,250.8,0.3750298920389086,0.00551253052563438,86.40677830672671,,
EPPLER 637 AIRFOIL.dat,4.0,9.0,1,1,,45,397.7,0.6398906734670659,0.0062548964837482865,66.24541696819355,,
EPPLER 637 AIRFOIL.dat,6.0,9.0,1,1,,34,311.6,0.8893180080460464,0.006862419618505121,66.60492848721954,,
EPPLER 637 AIRFOIL.dat,8.0,9.0,1,1,,34,290.9,1.1336411605302883,0.007729402175498722,67.12257470342324,,
EPPLER 864 STRUT AIRFOIL.dat,-4.0,5.0,1,1,,39,432.1,-0.315570295623483,0.010751220917727048,82.90138455869483,,
EPPLER 864 STRUT AIRFOIL.dat,-2.0,5.0,0,0,nan_lock,100,185.5,,,,1,1
EPPLER 864 STRUT AIRFOIL.dat,0.0,5.0,1,1,,9,116.8,0.00034713532528003743,0.010385246115611127,73.54476968169189,,
EPPLER 864 STRUT AIRFOIL.dat,2.0,5.0,1,1,,55,483.3,0.13837395842871883,0.010371284634702448,75.02908597319363,,
EPPLER 864 STRUT AIRFOIL.dat,4.0,5.0,0,0,no_convergence,100,496.5,,,,1,1
EPPLER 864 STRUT AIRFOIL.dat,6.0,5.0,1,1,,28,254.7,0.502193357228407,0.011547861060347754,86.88720011136093,,
EPPLER 864 STRUT AIRFOIL.dat,8.0,5.0,1,1,,26,240.0,0.6834282982301358,0.013033826389804506,91.41346831896357,,
EPPLER 864 STRUT AIRFOIL.dat,-4.0,9.0,1,1,,48,444.6,-0.31274530442333254,0.01084193197351532,83.00742445075663,,
EPPLER 864 STRUT AIRFOIL.dat,-2.0,9.0,0,0,no_convergence,100,535.1,,,,0,0
EPPLER 864 STRUT AIRFOIL.dat,0.0,9.0,0,0,no_convergence,100,454.0,,,,0,0
EPPLER 864 STRUT AIRFOIL.dat,2.0,9.0,0,0,transition_front_oscillation,100,441.4,,,,0,0
EPPLER 864 STRUT AIRFOIL.dat,4.0,9.0,0,0,transition_front_oscillation,100,452.3,,,,0,0
EPPLER 864 STRUT AIRFOIL.dat,6.0,9.0,0,0,nan_lock,100,60.7,,,,0,0
EPPLER 864 STRUT AIRFOIL.dat,8.0,9.0,1,1,,36,284.2,0.6897305550037915,0.012787529485900166,91.06540824779331,,
FX 61-168 AIRFOIL.dat,-4.0,5.0,0,0,no_convergence,100,515.1,,,,1,0
FX 61-168 AIRFOIL.dat,-2.0,5.0,1,1,,8,85.0,0.3398053916143125,0.005766226160434532,68.59682913292573,,
FX 61-168 AIRFOIL.dat,0.0,5.0,1,1,,6,70.5,0.5790318549147697,0.005954392247690344,68.68084546718657,,
FX 61-168 AIRFOIL.dat,2.0,5.0,1,1,,7,76.7,0.8140492278338713,0.006405019279345107,68.85231450695596,,
FX 61-168 AIRFOIL.dat,4.0,5.0,1,1,,22,178.7,1.0390680845457028,0.007523722809167699,69.32169616711978,,
FX 61-168 AIRFOIL.dat,6.0,5.0,1,1,,46,336.0,1.253870867010723,0.009172386003898499,70.2699759954589,,
FX 61-168 AIRFOIL.dat,8.0,5.0,0,0,diverged,100,422.7,,,,1,1
FX 61-168 AIRFOIL.dat,-4.0,9.0,0,0,nan_lock,100,390.6,,,,1,0
FX 61-168 AIRFOIL.dat,-2.0,9.0,1,1,,16,155.7,0.3425844461841251,0.005615821568521148,68.56959562605658,,
FX 61-168 AIRFOIL.dat,0.0,9.0,1,1,,10,106.9,0.5809975219986083,0.005871352360898656,68.67546472072317,,
FX 61-168 AIRFOIL.dat,2.0,9.0,1,1,,25,206.1,0.8169170925475848,0.0062404025394486575,68.82096710833983,,
FX 61-168 AIRFOIL.dat,4.0,9.0,1,1,,8,79.9,1.04765558729277,0.006860578637123031,69.09814432390641,,
FX 61-168 AIRFOIL.dat,6.0,9.0,1,1,,12,111.5,1.2670730285045477,0.008175962268630514,69.78680175540842,,
FX 61-168 AIRFOIL.dat,8.0,9.0,0,0,transition_front_oscillation,100,422.3,,,,1,1
FX 67-K-150-17 AIRFOIL.dat,-4.0,5.0,1,1,,19,179.4,0.07710789598995078,0.008249592645691889,69.00848421249651,,
FX 67-K-150-17 AIRFOIL.dat,-2.0,5.0,1,1,,19,176.4,0.3062175485796782,0.007161389209470452,68.6051327956634,,
FX 67-K-150-17 AIRFOIL.dat,0.0,5.0,1,1,,7,74.9,0.5301384480188763,0.00488243743376057,67.8492480931274,,
FX 67-K-150-17 AIRFOIL.dat,2.0,5.0,1,1,,21,175.2,0.7627415139186207,0.005069779785493814,67.88839042859406,,
FX 67-K-150-17 AIRFOIL.dat,4.0,5.0,1,1,,5,58.5,0.9931648995809939,0.005505714979971904,68.18751909617163,,
FX 67-K-150-17 AIRFOIL.dat,6.0,5.0,0,0,no_convergence,100,436.7,,,,1,1
FX 67-K-150-17 AIRFOIL.dat,8.0,5.0,0,0,transition_front_oscillation,100,434.9,,,,1,1
FX 67-K-150-17 AIRFOIL.dat,-4.0,9.0,1,1,,9,89.6,0.08138586804926255,0.009283778629158431,69.18744262217272,,
FX 67-K-150-17 AIRFOIL.dat,-2.0,9.0,1,1,,7,86.9,0.3072226136262739,0.007202014363270822,68.63734270039481,,
FX 67-K-150-17 AIRFOIL.dat,0.0,9.0,1,1,,26,211.8,0.5296860504954553,0.004775434421868903,67.89104283167364,,
FX 67-K-150-17 AIRFOIL.dat,2.0,9.0,1,1,,7,78.2,0.7633737428168637,0.005014627277615313,67.93231190542619,,
FX 67-K-150-17 AIRFOIL.dat,4.0,9.0,1,1,,8,79.9,0.9947536238167975,0.005346983784242603,68.04050730329716,,
FX 67-K-150-17 AIRFOIL.dat,6.0,9.0,1,1,,15,127.0,1.2191113924616617,0.006034232290496625,68.84696414055155,,
FX 67-K-150-17 AIRFOIL.dat,8.0,9.0,0,0,no_convergence,100,498.1,,,,0,0
FX 77-W-121.dat,-4.0,5.0,1,1,,51,616.5,-0.18799463617333098,0.009170255244618408,70.05401785206656,,
FX 77-W-121.dat,-2.0,5.0,1,1,,28,295.0,0.03262707938375008,0.008168489731454646,69.78648317160574,,
FX 77-W-121.dat,0.0,5.0,1,1,,35,416.8,0.25494889097790874,0.007643914526652266,69.49912445337338,,
FX 77-W-121.dat,2.0,5.0,1,1,,16,183.3,0.460875250873717,0.006034100989453457,68.42007349613104,,
FX 77-W-121.dat,4.0,5.0,1,1,,9,112.8,0.7811264181023468,0.005758758824793304,66.62154366370069,,
FX 77-W-121.dat,6.0,5.0,1,1,,9,104.1,1.0161036764958007,0.006161953172913225,66.63743674832386,,
FX 77-W-121.dat,8.0,5.0,1,1,,10,110.6,1.2271162286724133,0.008908145066779442,67.4975988524894,,
FX 77-W-121.dat,-4.0,9.0,1,1,,10,110.3,-0.18618767633637734,0.009515578454378283,70.07747383508827,,
FX 77-W-121.dat,-2.0,9.0,1,1,,9,97.8,0.03266124362462515,0.008307105287188773,69.81610964081487,,
FX 77-W-121.dat,0.0,9.0,1,1,,38,330.0,0.25364257199264206,0.007608993160257907,69.47982280909733,,
FX 77-W-121.dat,2.0,9.0,1,1,,13,130.2,0.555431370909586,0.005657498706075221,66.80398214524295,,
FX 77-W-121.dat,4.0,9.0,1,1,,6,71.3,0.810290427623765,0.005867541731337628,66.94303425792668,,
FX 77-W-121.dat,6.0,9.0,1,1,,7,77.9,1.0293323633921714,0.006202487583331994,66.75238719640899,,
FX 77-W-121.dat,8.0,9.0,1,1,,7,82.2,1.2415258593977587,0.007049253918795986,66.81009509528212,,
FX60-100 10.0% smoothed.dat,-4.0,5.0,1,1,,6,98.5,0.03885709800517241,0.006740501827480966,69.39853937129753,,
FX60-100 10.0% smoothed.dat,-2.0,5.0,0,0,nan_lock,100,173.9,,,,1,0
FX60-100 10.0% smoothed.dat,0.0,5.0,1,1,,10,97.7,0.4962329164692529,0.005757880416269052,69.4139929730199,,
FX60-100 10.0% smoothed.dat,2.0,5.0,1,1,,11,110.3,0.7183834429981595,0.006976291898857816,69.79873962357154,,
FX60-100 10.0% smoothed.dat,4.0,5.0,0,0,transition_front_oscillation,100,446.1,,,,1,0
FX60-100 10.0% smoothed.dat,6.0,5.0,1,1,,36,283.2,1.1519877937642595,0.010387658393954243,71.00996960951686,,
FX60-100 10.0% smoothed.dat,8.0,5.0,0,0,transition_front_oscillation,100,451.0,,,,1,1
FX60-100 10.0% smoothed.dat,-4.0,9.0,1,1,,8,110.5,0.043214516367959636,0.006520490757402246,69.27873078991342,,
FX60-100 10.0% smoothed.dat,-2.0,9.0,1,1,,7,79.2,0.2744537034579433,0.0048255730561284895,68.99404072130403,,
FX60-100 10.0% smoothed.dat,0.0,9.0,1,1,,24,191.2,0.5019423422994786,0.004935714616283896,68.95503063241654,,
FX60-100 10.0% smoothed.dat,2.0,9.0,1,1,,30,242.2,0.7249197957421084,0.005931035517980098,69.32525153680677,,
FX60-100 10.0% smoothed.dat,4.0,9.0,0,0,transition_front_oscillation,100,444.0,,,,1,1
FX60-100 10.0% smoothed.dat,6.0,9.0,0,0,no_convergence,100,480.1,,,,1,1
FX60-100 10.0% smoothed.dat,8.0,9.0,0,0,diverged,100,429.5,,,,1,1
GOE 117 (MVA MK.4) AIRFOIL.dat,-4.0,5.0,1,1,,37,390.5,0.028240254791660004,0.007539756255646325,69.63119148345382,,
GOE 117 (MVA MK.4) AIRFOIL.dat,-2.0,5.0,1,1,,6,82.8,0.249470202162811,0.006834940648796823,69.52810165565302,,
GOE 117 (MVA MK.4) AIRFOIL.dat,0.0,5.0,1,1,,19,171.9,0.4711127176978693,0.006378190232263608,69.37882184772616,,
GOE 117 (MVA MK.4) AIRFOIL.dat,2.0,5.0,1,1,,6,73.1,0.6928663993218962,0.006488567861302691,69.44127030995175,,
GOE 117 (MVA MK.4) AIRFOIL.dat,4.0,5.0,1,1,,51,406.0,0.8852981906794365,0.008517166365049844,69.64757329003932,,
GOE 117 (MVA MK.4) AIRFOIL.dat,6.0,5.0,0,0,transition_front_oscillation,100,438.6,,,,1,1
GOE 117 (MVA MK.4) AIRFOIL.dat,8.0,5.0,0,0,transition_front_oscillation,100,425.9,,,,1,1
GOE 117 (MVA MK.4) AIRFOIL.dat,-4.0,9.0,1,1,,52,413.6,0.034388458363928134,0.007013922337557927,69.3416168493935,,
GOE 117 (MVA MK.4) AIRFOIL.dat,-2.0,9.0,1,1,,39,311.2,0.25132479048476386,0.0062986528885855065,69.30447473624159,,
GOE 117 (MVA MK.4) AIRFOIL.dat,0.0,9.0,1,1,,32,262.0,0.4727052306904631,0.006083509162942115,69.23206199609976,,
GOE 117 (MVA MK.4) AIRFOIL.dat,2.0,9.0,1,1,,52,416.6,0.6922264812376957,0.005757611468967371,69.03191557337433,,
GOE 117 (MVA MK.4) AIRFOIL.dat,4.0,9.0,1,1,,38,300.3,0.913405782851337,0.005802156552349019,68.09142749989462,,
GOE 117 (MVA MK.4) AIRFOIL.dat,6.0,9.0,0,0,diverged,100,437.3,,,,0,1
GOE 117 (MVA MK.4) AIRFOIL.dat,8.0,9.0,1,1,,8,89.4,1.2749456991104764,0.013553642798021615,73.85540327150102,,
GOE 184 (MVA H.29) AIRFOIL.dat,-4.0,5.0,1,1,,7,103.9,0.0678440211834409,0.007537682535427352,69.88185046396934,,
GOE 184 (MVA H.29) AIRFOIL.dat,-2.0,5.0,1,1,,35,349.3,0.29020329508575243,0.007092808472012118,69.8016881350849,,
GOE 184 (MVA H.29) AIRFOIL.dat,0.0,5.0,1,1,,9,123.5,0.5143247615326635,0.006963095416601255,69.6909259829966,,
GOE 184 (MVA H.29) AIRFOIL.dat,2.0,5.0,1,1,,35,435.0,0.7367384512901186,0.007244524695741295,69.70612847360383,,
GOE 184 (MVA H.29) AIRFOIL.dat,4.0,5.0,1,1,,18,226.8,0.9530910040571278,0.007439819147960757,69.58432571229362,,
GOE 184 (MVA H.29) AIRFOIL.dat,6.0,5.0,1,1,,11,141.6,1.1672212129188835,0.007998657106953556,69.07078795086073,,
GOE 184 (MVA H.29) AIRFOIL.dat,8.0,5.0,1,1,,43,411.1,1.3649834777215961,0.01096465267751535,70.9486747388868,,
GOE 184 (MVA H.29) AIRFOIL.dat,-4.0,9.0,0,0,diverged,100,575.4,,,,1,1
GOE 184 (MVA H.29) AIRFOIL.dat,-2.0,9.0,1,1,,45,460.4,0.2936601925002974,0.006631604860966362,69.60273243409385,,
GOE 184 (MVA H.29) AIRFOIL.dat,0.0,9.0,1,1,,22,259.0,0.5168955013177288,0.006647297536399408,69.56623762056013,,
GOE 184 (MVA H.29) AIRFOIL.dat,2.0,9.0,1,1,,26,300.2,0.739890858823228,0.006733365614053337,69.5021135173513,,
GOE 184 (MVA H.29) AIRFOIL.dat,4.0,9.0,1,1,,9,126.7,0.9575194098464291,0.006106669522714677,67.89971413537819,,
GOE 184 (MVA H.29) AIRFOIL.dat,6.0,9.0,1,1,,28,394.3,1.1724419001982391,0.007391159962167298,68.76530874336865,,
GOE 184 (MVA H.29) AIRFOIL.dat,8.0,9.0,1,1,,37,445.0,1.3723215034437166,0.010132658215929515,70.52052123312707,,
GOE 226 (MVA H.36) AIRFOIL.dat,-4.0,5.0,1,1,,36,397.8,0.4698683011951857,0.007494673663032507,70.57969321150131,,
GOE 226 (MVA H.36) AIRFOIL.dat,-2.0,5.0,1,1,,35,436.5,0.7011242011629013,0.007371667272067912,70.88161583411703,,
GOE 226 (MVA H.36) AIRFOIL.dat,0.0,5.0,1,1,,32,339.8,0.9224632643245035,0.008167469777827579,71.86064326128115,,
GOE 226 (MVA H.36) AIRFOIL.dat,2.0,5.0,1,1,,5,74.9,1.146083960842165,0.008620081145972402,72.75597425007066,,
GOE 226 (MVA H.36) AIRFOIL.dat,4.0,5.0,1,1,,5,88.3,1.3645128357864238,0.00938082855711527,74.0893831316451,,
GOE 226 (MVA H.36) AIRFOIL.dat,6.0,5.0,1,1,,10,115.0,1.5709324378628986,0.010628267290873678,76.27913980251412,,
GOE 226 (MVA H.36) AIRFOIL.dat,8.0,5.0,1,1,,9,125.7,1.750374114546335,0.012505773192352972,80.41485938275665,,
GOE 226 (MVA H.36) AIRFOIL.dat,-4.0,9.0,1,1,,55,634.7,0.47449310360174524,0.0071613010491994415,70.32580291154059,,
GOE 226 (MVA H.36) AIRFOIL.dat,-2.0,9.0,0,0,no_convergence,100,739.7,,,,1,1
GOE 226 (MVA H.36) AIRFOIL.dat,0.0,9.0,1,1,,33,376.2,0.9351492710382248,0.007079991434636669,70.9617198049966,,
GOE 226 (MVA H.36) AIRFOIL.dat,2.0,9.0,1,1,,24,279.3,1.1552446568079802,0.007825003199539389,72.06091771567466,,
GOE 226 (MVA H.36) AIRFOIL.dat,4.0,9.0,1,1,,26,272.5,1.3727413454427693,0.008730833329889772,73.49396884380923,,
GOE 226 (MVA H.36) AIRFOIL.dat,6.0,9.0,1,1,,50,574.3,1.583412365398105,0.009767606924718952,75.40652986557757,,
GOE 226 (MVA H.36) AIRFOIL.dat,8.0,9.0,1,1,,48,430.9,1.773031098536548,0.011042562670542665,78.43387305582213,,
GOE 303 (FRIEDRICHSHAFEN G03) AIRFOIL.dat,-4.0,5.0,1,1,,7,90.8,0.16929705617871355,0.007577564854740792,69.678391938717,,
GOE 303 (FRIEDRICHSHAFEN G03) AIRFOIL.dat,-2.0,5.0,1,1,,37,350.1,0.38618023022884834,0.007261826950680814,69.97622780794843,,
GOE 303 (FRIEDRICHSHAFEN G03) AIRFOIL.dat,0.0,5.0,1,1,,10,111.7,0.6045984451689355,0.007241432665633034,70.31669015145998,,
GOE 303 (FRIEDRICHSHAFEN G03) AIRFOIL.dat,2.0,5.0,1,1,,9,107.6,0.819682367391982,0.0076954702445248355,70.9178637628899,,
GOE 303 (FRIEDRICHSHAFEN G03) AIRFOIL.dat,4.0,5.0,1,1,,6,82.7,1.034753883399355,0.007513425952425234,70.7847793169144,,
GOE 303 (FRIEDRICHSHAFEN G03) AIRFOIL.dat,6.0,5.0,1,1,,9,107.2,1.2350048556053528,0.008960046328980694,72.3609399638612,,
GOE 303 (FRIEDRICHSHAFEN G03) AIRFOIL.dat,8.0,5.0,1,1,,36,337.1,1.4275609405864953,0.01078417938016021,74.39514066247597,,
GOE 303 (FRIEDRICHSHAFEN G03) AIRFOIL.dat,-4.0,9.0,1,1,,9,110.6,0.17827396757480793,0.007275140368176283,69.33414325599786,,
GOE 303 (FRIEDRICHSHAFEN G03) AIRFOIL.dat,-2.0,9.0,1,1,,15,150.9,0.392608799559883,0.006911658891527605,69.6906517426748,,
GOE 303 (FRIEDRICHSHAFEN G03) AIRFOIL.dat,0.0,9.0,1,1,,58,551.0,0.6107042820733259,0.006807985872936846,70.017886836788,,
GOE 303 (FRIEDRICHSHAFEN G03) AIRFOIL.dat,2.0,9.0,1,1,,13,150.4,0.8280213990966049,0.006932448932685962,70.46819518848777,,
GOE 303 (FRIEDRICHSHAFEN G03) AIRFOIL.dat,4.0,9.0,1,1,,29,276.3,1.0496623619565189,0.006528649174645121,70.09438762557102,,
GOE 303 (FRIEDRICHSHAFEN G03) AIRFOIL.dat,6.0,9.0,1,1,,31,286.4,1.2422034055222346,0.00844967052750765,72.03089355010337,,
GOE 303 (FRIEDRICHSHAFEN G03) AIRFOIL.dat,8.0,9.0,1,1,,43,396.9,1.438911353649249,0.010020379615911939,73.85972566578307,,
GOE 328 AIRFOIL.dat,-4.0,5.0,1,1,,41,419.3,-0.03223625931543202,0.007364939880684328,69.57080496220668,,
GOE 328 AIRFOIL.dat,-2.0,5.0,1,1,,7,103.1,0.18895410633446744,0.0069927896542129105,69.56644379635517,,
GOE 328 AIRFOIL.dat,0.0,5.0,1,1,,33,343.5,0.40960370451297573,0.007139025852064572,69.59164300928384,,
GOE 328 AIRFOIL.dat,2.0,5.0,0,0,transition_front_oscillation,100,578.0,,,,0,1
GOE 328 AIRFOIL.dat,4.0,5.0,1,1,,44,341.9,0.8516085751805085,0.006394635399122837,67.71338352589146,,
GOE 328 AIRFOIL.dat,6.0,5.0,1,1,,47,374.7,1.0563085588018915,0.008640123118839138,69.0742074885809,,
GOE 328 AIRFOIL.dat,8.0,5.0,1,1,,8,80.2,1.2535072859633816,0.011651296865763513,70.96957414887481,,
GOE 328 AIRFOIL.dat,-4.0,9.0,1,1,,18,177.1,-0.028224533723891172,0.007321845421163014,69.45655417628478,,
GOE 328 AIRFOIL.dat,-2.0,9.0,1,1,,8,99.1,0.19349431634191974,0.006694720992251569,69.39301226293472,,
GOE 328 AIRFOIL.dat,0.0,9.0,1,1,,10,122.9,0.4153877057895112,0.0065000883119769514,69.34189317844164,,
GOE 328 AIRFOIL.dat,2.0,9.0,1,1,,34,316.2,0.63485572729224,0.006927460397870283,69.42234367084544,,
GOE 328 AIRFOIL.dat,4.0,9.0,1,1,,31,291.3,0.8556946807571804,0.005949908464074106,67.47985427682652,,
GOE 328 AIRFOIL.dat,6.0,9.0,1,1,,22,193.1,1.0667383386499698,0.007408353062940608,68.42342428791419,,
GOE 328 AIRFOIL.dat,8.0,9.0,1,1,,58,482.0,1.2558340307562972,0.011378621453727077,70.83889013725332,,
GOE 346 (FRIEDRICHSHAFEN-STAAKEN) AIRFOIL.dat,-4.0,5.0,1,1,,21,235.0,-0.04427846033607938,0.006930866638161687,69.42672643096044,,
GOE 346 (FRIEDRICHSHAFEN-STAAKEN) AIRFOIL.dat,-2.0,5.0,1,1,,39,357.3,0.17094960578205565,0.006292534231358163,69.38649971807611,,
GOE 346 (FRIEDRICHSHAFEN-STAAKEN) AIRFOIL.dat,0.0,5.0,1,1,,11,115.8,0.38573405257809373,0.006521664062630655,69.54898091096813,,
GOE 346 (FRIEDRICHSHAFEN-STAAKEN) AIRFOIL.dat,2.0,5.0,1,1,,6,83.6,0.5977324525009751,0.007561574497336844,69.86029595804948,,
GOE 346 (FRIEDRICHSHAFEN-STAAKEN) AIRFOIL.dat,4.0,5.0,1,1,,6,77.8,0.8129029866691074,0.0068969333449052875,68.18622109503724,,
GOE 346 (FRIEDRICHSHAFEN-STAAKEN) AIRFOIL.dat,6.0,5.0,1,1,,10,110.0,1.0189319899449165,0.008717509766716033,69.16548903585652,,
GOE 346 (FRIEDRICHSHAFEN-STAAKEN) AIRFOIL.dat,8.0,5.0,0,0,diverged,100,495.3,,,,1,1
GOE 346 (FRIEDRICHSHAFEN-STAAKEN) AIRFOIL.dat,-4.0,9.0,1,1,,8,95.9,-0.038422944223257316,0.0069570235876720175,69.32990260780785,,
GOE 346 (FRIEDRICHSHAFEN-STAAKEN) AIRFOIL.dat,-2.0,9.0,1,1,,15,166.1,0.17759018858754586,0.006053496020708275,69.22141086401018,,
GOE 346 (FRIEDRICHSHAFEN-STAAKEN) AIRFOIL.dat,0.0,9.0,1,1,,9,104.3,0.394319207485722,0.005851679715671973,69.19138468649841,,
GOE 346 (FRIEDRICHSHAFEN-STAAKEN) AIRFOIL.dat,2.0,9.0,1,1,,9,107.0,0.6069332144444584,0.00644533601375033,69.44485453539,,
GOE 346 (FRIEDRICHSHAFEN-STAAKEN) AIRFOIL.dat,4.0,9.0,1,1,,7,89.3,0.8168292628853314,0.006432143377336728,67.97229217695408,,
GOE 346 (FRIEDRICHSHAFEN-STAAKEN) AIRFOIL.dat,6.0,9.0,1,1,,9,105.8,1.0232169616996254,0.00817051939359675,68.94490903497538,,
GOE 346 (FRIEDRICHSHAFEN-STAAKEN) AIRFOIL.dat,8.0,9.0,0,0,transition_front_oscillation,100,500.9,,,,1,1
GOE 393 AIRFOIL.dat,-4.0,5.0,0,0,transition_front_oscillation,100,519.0,,,,1,1
GOE 393 AIRFOIL.dat,-2.0,5.0,1,1,,41,346.6,0.09017188538810833,0.006978424393256047,70.00562250053049,,
GOE 393 AIRFOIL.dat,0.0,5.0,1,1,,23,248.2,0.3131459632321568,0.006700906909683963,69.7972114814519,,
GOE 393 AIRFOIL.dat,2.0,5.0,1,1,,9,101.4,0.535497158440077,0.006886893975695326,69.6540556318159,,
GOE 393 AIRFOIL.dat,4.0,5.0,1,1,,32,297.1,0.7548917151289978,0.007694786308266494,69.562705784015,,
GOE 393 AIRFOIL.dat,6.0,5.0,1,1,,6,75.2,0.968458536179533,0.008259592458337272,67.61527517757253,,
GOE 393 AIRFOIL.dat,8.0,5.0,1,1,,24,212.9,1.1761696018220547,0.010583512425498565,68.35520462192642,,
GOE 393 AIRFOIL.dat,-4.0,9.0,0,0,diverged,100,502.4,,,,1,1
GOE 393 AIRFOIL.dat,-2.0,9.0,1,1,,47,392.9,0.09121372644213796,0.006781718617482844,69.91562441545325,,
GOE 393 AIRFOIL.dat,0.0,9.0,1,1,,40,325.5,0.3143882311618699,0.006493200281940146,69.71861712046021,,
GOE 393 AIRFOIL.dat,2.0,9.0,1,1,,12,121.5,0.5372862152160099,0.006550598949599258,69.55796297412435,,
GOE 393 AIRFOIL.dat,4.0,9.0,1,1,,40,332.0,0.75503868870867,0.0063965834756724155,68.97211497177031,,
GOE 393 AIRFOIL.dat,6.0,9.0,1,1,,16,150.2,0.9719278267247488,0.007617919429171692,67.472940542291,,
GOE 393 AIRFOIL.dat,8.0,9.0,1,1,,29,246.6,1.1791490810284173,0.010071928739308325,68.17263163507039,,
GOE 425 AIRFOIL.dat,-4.0,5.0,1,1,,35,337.9,-0.0069107279437776725,0.008415824817039544,69.18396002738925,,
GOE 425 AIRFOIL.dat,-2.0,5.0,1,1,,34,285.8,0.21905208343532212,0.007921301052903914,69.18937651457895,,
GOE 425 AIRFOIL.dat,0.0,5.0,0,0,transition_front_oscillation,100,494.1,,,,1,0
GOE 425 AIRFOIL.dat,2.0,5.0,1,1,,9,100.9,0.6635579701967952,0.006644520581468279,69.19926960545081,,
GOE 425 AIRFOIL.dat,4.0,5.0,1,1,,6,77.3,0.8874440861538071,0.0068696566985376566,69.58615452235486,,
GOE 425 AIRFOIL.dat,6.0,5.0,1,1,,7,79.9,1.136307128729887,0.00709670019079338,69.27332119680031,,
GOE 425 AIRFOIL.dat,8.0,5.0,1,1,,34,286.9,1.321050325870295,0.009360789347397433,72.10204696207765,,
GOE 425 AIRFOIL.dat,-4.0,9.0,1,1,,26,226.5,-0.005059967205602727,0.00829954191516711,69.12781239294044,,
GOE 425 AIRFOIL.dat,-2.0,9.0,1,1,,35,296.8,0.21990072622136045,0.007724160079911954,69.13127365424175,,
GOE 425 AIRFOIL.dat,0.0,9.0,1,1,,39,336.2,0.4381815294666592,0.0064694270893012745,68.95617335817902,,
GOE 425 AIRFOIL.dat,2.0,9.0,1,1,,25,218.5,0.6627945820335517,0.006329918364439986,69.03363008472523,,
GOE 425 AIRFOIL.dat,4.0,9.0,1,1,,24,206.6,0.9125187983346464,0.006006096623558478,67.94487866128893,,
GOE 425 AIRFOIL.dat,6.0,9.0,1,1,,25,202.2,1.1600477765825408,0.006726869653507004,68.79868312733689,,
GOE 425 AIRFOIL.dat,8.0,9.0,1,1,,12,110.2,1.3525090761021246,0.007845761721993543,70.5196163392004,,
GOE 443 AIRFOIL.dat,-4.0,5.0,0,0,nan_lock,100,49.4,,,,1,1
GOE 443 AIRFOIL.dat,-2.0,5.0,1,1,,12,118.7,-0.19783498451589754,0.005667781945381674,68.90396191842565,,
GOE 443 AIRFOIL.dat,0.0,5.0,1,1,,7,80.6,8.764950293880559e-10,0.003664075696114617,67.98033792763279,,
GOE 443 AIRFOIL.dat,2.0,5.0,1,1,,12,122.4,0.19783498654888854,0.005667781982857201,68.62896798946493,,
GOE 443 AIRFOIL.dat,4.0,5.0,0,0,nan_lock,100,37.8,,,,1,1
GOE 443 AIRFOIL.dat,6.0,5.0,0,0,transition_front_oscillation,100,557.3,,,,0,0
GOE 443 AIRFOIL.dat,8.0,5.0,0,0,transition_front_oscillation,100,503.0,,,,0,0
GOE 443 AIRFOIL.dat,-4.0,9.0,1,1,,12,136.0,-0.4500354042152141,0.008302493248176926,68.3824665077375,,
GOE 443 AIRFOIL.dat,-2.0,9.0,1,1,,26,250.0,-0.22288383788034385,0.005533862405423289,67.5321122462651,,
GOE 443 AIRFOIL.dat,0.0,9.0,1,1,,8,97.7,8.449261209306572e-10,0.002407656762811184,66.18929494726294,,
GOE 443 AIRFOIL.dat,2.0,9.0,1,1,,26,252.4,0.2228838418524314,0.005533862519075516,67.24015356502328,,
GOE 443 AIRFOIL.dat,4.0,9.0,1,1,,12,133.2,0.45003540508799134,0.008302493438405816,67.66453545185927,,
GOE 443 AIRFOIL.dat,6.0,9.0,1,1,,21,214.0,0.6082969037324467,0.03749632076767609,65.61506644443367,,
GOE 443 AIRFOIL.dat,8.0,9.0,1,1,,28,273.8,0.6924877060370571,0.08219854695412585,76.56848521573275,,
GOE 458 AIRFOIL.dat,-4.0,5.0,1,1,,6,100.5,0.13078372988828582,0.007490573467272921,69.74410790748975,,
GOE 458 AIRFOIL.dat,-2.0,5.0,1,1,,37,359.6,0.3483318885896788,0.006490677874345247,69.65558106634455,,
GOE 458 AIRFOIL.dat,0.0,5.0,1,1,,16,166.2,0.5656601743256723,0.006154046714148943,69.5864734839678,,
GOE 458 AIRFOIL.dat,2.0,5.0,1,1,,15,152.0,0.7823645227735897,0.006503025032295164,69.81606497866534,,
GOE 458 AIRFOIL.dat,4.0,5.0,1,1,,32,333.5,0.9828786705050062,0.007523014081366723,69.81045271403518,,
GOE 458 AIRFOIL.dat,6.0,5.0,1,1,,8,141.3,1.169123505255892,0.011198960656191565,72.32336885758889,,
GOE 458 AIRFOIL.dat,8.0,5.0,1,1,,8,115.0,1.3542429590913108,0.014322598585112095,74.5800249577628,,
GOE 458 AIRFOIL.dat,-4.0,9.0,1,1,,9,121.3,0.13787354340645444,0.007856414920931316,69.62933899764109,,
GOE 458 AIRFOIL.dat,-2.0,9.0,1,1,,57,534.7,0.35548329728696176,0.0060164696642087696,69.3404571229251,,
GOE 458 AIRFOIL.dat,0.0,9.0,1,1,,35,313.5,0.5703479889090006,0.005654329109701223,69.26590447481912,,
GOE 458 AIRFOIL.dat,2.0,9.0,1,1,,7,79.0,0.7899670852945583,0.004655122234916438,67.45974550563881,,
GOE 458 AIRFOIL.dat,4.0,9.0,0,0,diverged,100,465.0,,,,1,1
GOE 458 AIRFOIL.dat,6.0,9.0,1,1,,11,116.9,1.1679234631556963,0.011372389280674857,72.40624632995427,,
GOE 458 AIRFOIL.dat,8.0,9.0,1,1,,9,103.4,1.3392666467908136,0.01584060275015815,75.3733385746187,,
GOE 513 AIRFOIL.dat,-4.0,5.0,0,0,no_convergence,100,624.1,,,,1,0
GOE 513 AIRFOIL.dat,-2.0,5.0,1,1,,17,188.8,0.2063374158442595,0.00907525768564283,73.53224458749655,,
GOE 513 AIRFOIL.dat,0.0,5.0,1,1,,21,227.9,0.3801485158705456,0.008621776501122808,75.37046933044208,,
GOE 513 AIRFOIL.dat,2.0,5.0,1,1,,33,330.9,0.5581547252628136,0.009122671952448607,77.69438114956753,,
GOE 513 AIRFOIL.dat,4.0,5.0,1,1,,33,324.6,0.7453959682835293,0.010018935005291024,82.19073894280672,,
GOE 513 AIRFOIL.dat,6.0,5.0,1,1,,41,361.5,0.9317562982615638,0.010976471716508254,86.13304884420246,,
GOE 513 AIRFOIL.dat,8.0,5.0,1,1,,12,120.1,1.1349033737077885,0.011298092990536938,88.71430644340637,,
GOE 513 AIRFOIL.dat,-4.0,9.0,0,0,no_convergence,100,493.4,,,,1,1
GOE 513 AIRFOIL.dat,-2.0,9.0,1,1,,50,477.8,0.21540513764100186,0.008505882754455976,73.22927827907861,,
GOE 513 AIRFOIL.dat,0.0,9.0,1,1,,38,322.5,0.3917206893665681,0.008132092001152585,74.99766070329669,,
GOE 513 AIRFOIL.dat,2.0,9.0,1,1,,44,379.1,0.573153381905709,0.008499049575311064,77.08417855139973,,
GOE 513 AIRFOIL.dat,4.0,9.0,1,1,,26,250.3,0.7578893317778196,0.009351581564590398,81.62073660826385,,
GOE 513 AIRFOIL.dat,6.0,9.0,0,0,nan_lock,100,55.6,,,,1,1
GOE 513 AIRFOIL.dat,8.0,9.0,0,0,diverged,100,518.0,,,,1,1
GOE 550 AIRFOIL.dat,-4.0,5.0,1,1,,6,97.7,0.05140840931300752,0.0069768547912790625,69.25029222674131,,
GOE 550 AIRFOIL.dat,-2.0,5.0,1,1,,6,80.3,0.27372953200423666,0.006779688426657798,69.53245877709091,,
GOE 550 AIRFOIL.dat,0.0,5.0,1,1,,5,73.3,0.49828804530355186,0.006906155884438009,69.83365178730318,,
GOE 550 AIRFOIL.dat,2.0,5.0,1,1,,7,92.2,0.7208433350207383,0.0073191896901750285,70.29713554541486,,
GOE 550 AIRFOIL.dat,4.0,5.0,1,1,,8,95.5,0.936107861613511,0.00829389270197844,71.14818957215073,,
GOE 550 AIRFOIL.dat,6.0,5.0,1,1,,22,211.6,1.1412773074293872,0.009698998188316372,72.43391612573488,,
GOE 550 AIRFOIL.dat,8.0,5.0,1,1,,13,133.5,1.3214816714504238,0.011958605377937744,74.59001462675323,,
GOE 550 AIRFOIL.dat,-4.0,9.0,1,1,,33,296.0,0.05657159761923515,0.006466626463426794,68.96282416036402,,
GOE 550 AIRFOIL.dat,-2.0,9.0,1,1,,29,257.9,0.2799680938836791,0.006253929334747137,69.20020293021736,,
GOE 550 AIRFOIL.dat,0.0,9.0,1,1,,31,263.8,0.5043924062941283,0.006400301868093295,69.52533278179254,,
GOE 550 AIRFOIL.dat,2.0,9.0,1,1,,27,212.0,0.7275815708658235,0.006737105850020826,69.95907777817864,,
GOE 550 AIRFOIL.dat,4.0,9.0,1,1,,10,105.4,0.9449724520532651,0.007328747770424201,70.63292068223846,,
GOE 550 AIRFOIL.dat,6.0,9.0,1,1,,8,83.0,1.1514307072296637,0.007935389389586704,71.10067236452463,,
GOE 550 AIRFOIL.dat,8.0,9.0,1,1,,9,85.4,1.334984735803747,0.011009504811271746,73.92826076144927,,
GOE 596 AIRFOIL.dat,-4.0,5.0,1,1,,41,398.8,-0.03837865294838735,0.0076373784095831706,69.41080636026457,,
GOE 596 AIRFOIL.dat,-2.0,5.0,1,1,,9,111.0,0.18317227000849412,0.007198085093913025,69.41719382699475,,
GOE 596 AIRFOIL.dat,0.0,5.0,1,1,,7,96.4,0.4059033361755585,0.007016221923277897,69.42236406878288,,
GOE 596 AIRFOIL.dat,2.0,5.0,1,1,,9,127.2,0.6252053790340263,0.006655426549499775,69.33354098529855,,
GOE 596 AIRFOIL.dat,4.0,5.0,1,1,,8,102.5,0.8534056807474989,0.006454364223061277,68.13656218190997,,
GOE 596 AIRFOIL.dat,6.0,5.0,1,1,,19,194.2,1.0513928872781588,0.008421505740236649,69.55281721968036,,
GOE 596 AIRFOIL.dat,8.0,5.0,1,1,,23,203.0,1.2427198446118177,0.011275233066950503,71.65929459038173,,
GOE 596 AIRFOIL.dat,-4.0,9.0,1,1,,12,123.8,-0.030661249997663204,0.00722817563979669,69.11604918525111,,
GOE 596 AIRFOIL.dat,-2.0,9.0,1,1,,20,184.9,0.18686955780913014,0.00696633198203357,69.27822732087537,,
GOE 596 AIRFOIL.dat,0.0,9.0,1,1,,30,269.4,0.4087949333278639,0.006721945358869652,69.28597040998571,,
GOE 596 AIRFOIL.dat,2.0,9.0,1,1,,26,225.3,0.6358979275568588,0.0048479354915892895,66.96428834564716,,
GOE 596 AIRFOIL.dat,4.0,9.0,1,1,,22,191.3,0.8631519244440612,0.0057041211058703805,67.69919831159105,,
GOE 596 AIRFOIL.dat,6.0,9.0,1,1,,18,164.9,1.0623805135657511,0.007422117666716983,69.00092390624971,,
GOE 596 AIRFOIL.dat,8.0,9.0,0,0,diverged,100,482.8,,,,1,1
GOE 602 MOD. AIRFOIL.dat,-4.0,5.0,1,1,,35,341.5,0.035836528713528305,0.006735237405724708,69.13082439644256,,
GOE 602 MOD. AIRFOIL.dat,-2.0,5.0,1,1,,8,98.5,0.25237497880893156,0.0064405457488943465,69.4029926112344,,
GOE 602 MOD. AIRFOIL.dat,0.0,5.0,1,1,,7,90.6,0.467748993406212,0.00626712515940687,69.60836821644928,,
GOE 602 MOD. AIRFOIL.dat,2.0,5.0,1,1,,7,87.5,0.6846578257679823,0.006356487491981964,69.77725871695371,,
GOE 602 MOD. AIRFOIL.dat,4.0,5.0,1,1,,22,193.8,0.8972906023962519,0.006855879282019728,69.45053490460947,,
GOE 602 MOD. AIRFOIL.dat,6.0,5.0,1,1,,54,444.9,1.0926213873610022,0.009701312902374628,71.32123412652282,,
GOE 602 MOD. AIRFOIL.dat,8.0,5.0,1,1,,21,186.0,1.2830433983520935,0.012685755745547589,73.25689115225498,,
GOE 602 MOD. AIRFOIL.dat,-4.0,9.0,1,1,,11,122.3,0.045006182004234,0.006363419636166856,68.89421557289,,
GOE 602 MOD. AIRFOIL.dat,-2.0,9.0,1,1,,32,269.9,0.2621045210060735,0.00568115809389201,68.90937458445593,,
GOE 602 MOD. AIRFOIL.dat,0.0,9.0,1,1,,13,123.7,0.4745621096327343,0.005294776609737074,68.99064218415401,,
GOE 602 MOD. AIRFOIL.dat,2.0,9.0,1,1,,19,155.1,0.6962489258743767,0.004799260478190102,67.65068144676206,,
GOE 602 MOD. AIRFOIL.dat,4.0,9.0,1,1,,22,169.7,0.9065910667175676,0.0060397718561814575,68.93002949686228,,
GOE 602 MOD. AIRFOIL.dat,6.0,9.0,0,0,no_convergence,100,441.7,,,,1,1
GOE 602 MOD. AIRFOIL.dat,8.0,9.0,1,1,,10,105.6,1.2836785705134275,0.012641487554735209,73.23849775714032,,
GOE 629 AIRFOIL.dat,-4.0,5.0,1,1,,9,115.0,-0.12058259785674963,0.0071622076268047,68.78459006375428,,
GOE 629 AIRFOIL.dat,-2.0,5.0,0,0,no_convergence,100,501.3,,,,1,1
GOE 629 AIRFOIL.dat,0.0,5.0,1,1,,6,72.5,0.31266840194948026,0.007107374326315524,69.53823386492711,,
GOE 629 AIRFOIL.dat,2.0,5.0,1,1,,6,73.9,0.528593046889132,0.007185376320910465,70.17566834690525,,
GOE 629 AIRFOIL.dat,4.0,5.0,1,1,,9,93.2,0.7271823537681841,0.007964038954100415,71.43874897375426,,
GOE 629 AIRFOIL.dat,6.0,5.0,1,1,,9,90.5,0.9491244800587602,0.009161218040385428,72.24487742598016,,
GOE 629 AIRFOIL.dat,8.0,5.0,1,1,,39,313.8,1.136243276634328,0.011098050885496888,74.54967107576293,,
GOE 629 AIRFOIL.dat,-4.0,9.0,1,1,,32,280.1,-0.11118394565787333,0.006730291684164315,68.50648131124346,,
GOE 629 AIRFOIL.dat,-2.0,9.0,1,1,,31,266.4,0.10434336897481797,0.0064947240102846675,68.63058948262739,,
GOE 629 AIRFOIL.dat,0.0,9.0,1,1,,29,257.3,0.3183441770701474,0.006434116154966491,69.12321236095922,,
GOE 629 AIRFOIL.dat,2.0,9.0,1,1,,39,309.7,0.5296619309206891,0.006079937660752082,69.64026803999688,,
GOE 629 AIRFOIL.dat,4.0,9.0,1,1,,21,167.1,0.7327895380979028,0.006163972346181058,69.78949132158455,,
GOE 629 AIRFOIL.dat,6.0,9.0,1,1,,32,232.0,0.9972442405679848,0.008213779113323747,71.21351881395556,,
GOE 629 AIRFOIL.dat,8.0,9.0,0,0,no_convergence,100,423.9,,,,1,1
GOE 770 AIRFOIL.dat,-4.0,5.0,0,0,transition_front_oscillation,100,541.9,,,,1,0
GOE 770 AIRFOIL.dat,-2.0,5.0,0,0,transition_front_oscillation,100,454.3,,,,1,1
GOE 770 AIRFOIL.dat,0.0,5.0,1,1,,6,73.1,0.31879551480775276,0.007123574768505969,68.86731786614337,,
GOE 770 AIRFOIL.dat,2.0,5.0,1,1,,7,82.2,0.545429177871427,0.007387406318148749,69.30211554204345,,
GOE 770 AIRFOIL.dat,4.0,5.0,1,1,,6,74.5,0.7681515136923311,0.007982828156152285,70.13728250154702,,
GOE 770 AIRFOIL.dat,6.0,5.0,1,1,,7,77.6,0.9844473563892582,0.00887467087217079,71.48261929611517,,
GOE 770 AIRFOIL.dat,8.0,5.0,1,1,,11,105.7,1.1883366289494521,0.009864100443823303,73.52504542146411,,
GOE 770 AIRFOIL.dat,-4.0,9.0,1,1,,12,129.5,-0.10916846185945041,0.009085904479367881,69.54152763489569,,
GOE 770 AIRFOIL.dat,-2.0,9.0,1,1,,48,371.5,0.09874454408239441,0.0073692406330654065,68.78785239388286,,
GOE 770 AIRFOIL.dat,0.0,9.0,1,1,,29,230.6,0.318588914573969,0.006707016743200873,68.70346714262345,,
GOE 770 AIRFOIL.dat,2.0,9.0,1,1,,32,278.7,0.547802269593799,0.006954807249297191,69.09554083582816,,
GOE 770 AIRFOIL.dat,4.0,9.0,1,1,,18,157.5,0.7729638534246951,0.007357026616980769,69.77771383487791,,
GOE 770 AIRFOIL.dat,6.0,9.0,0,0,no_convergence,100,487.6,,,,1,1
GOE 770 AIRFOIL.dat,8.0,9.0,1,1,,40,319.4,1.2172062569879774,0.009030143099522086,72.1505606548305,,
GOE 777 AIRFOIL.dat,-4.0,5.0,1,1,,47,444.0,0.04848511981861525,0.00955852130593214,69.58352691674988,,
GOE 777 AIRFOIL.dat,-2.0,5.0,0,0,transition_front_oscillation,100,486.1,,,,1,1
GOE 777 AIRFOIL.dat,0.0,5.0,1,1,,7,80.4,0.48700212280261507,0.00819914024829974,69.69000441335584,,
GOE 777 AIRFOIL.dat,2.0,5.0,1,1,,7,86.9,0.6966228581659331,0.007617185308766448,70.35030834789215,,
GOE 777 AIRFOIL.dat,4.0,5.0,1,1,,17,159.7,0.9129722135699601,0.008431825668967365,71.73131841515682,,
GOE 777 AIRFOIL.dat,6.0,5.0,1,1,,9,94.4,1.1159668775465879,0.009406095118284089,73.86837761990682,,
GOE 777 AIRFOIL.dat,8.0,5.0,0,0,nan_lock,100,371.1,,,,1,1
GOE 777 AIRFOIL.dat,-4.0,9.0,0,0,transition_front_oscillation,100,593.0,,,,1,1
GOE 777 AIRFOIL.dat,-2.0,9.0,1,1,,50,466.4,0.2708224921623411,0.008768842038455944,69.36696604826925,,
GOE 777 AIRFOIL.dat,0.0,9.0,0,0,no_convergence,100,507.4,,,,1,1
GOE 777 AIRFOIL.dat,2.0,9.0,1,1,,34,277.4,0.6993034695027234,0.007077937023487467,70.05217181275752,,
GOE 777 AIRFOIL.dat,4.0,9.0,1,1,,38,331.3,0.9203043196339014,0.0074878398825440826,71.09665983961278,,
GOE 777 AIRFOIL.dat,6.0,9.0,1,1,,31,275.6,1.1504176162161721,0.008382980523631364,72.19128957036335,,
GOE 777 AIRFOIL.dat,8.0,9.0,0,0,diverged,100,513.7,,,,1,1
HQ 1.5-8 AIRFOIL.dat,-4.0,5.0,1,1,,14,162.1,-0.2395161932675215,0.00725219423757585,69.35054096138626,,
HQ 1.5-8 AIRFOIL.dat,-2.0,5.0,1,1,,37,324.0,-0.01862537711481427,0.006293648310017179,69.31556596698579,,
HQ 1.5-8 AIRFOIL.dat,0.0,5.0,1,1,,23,215.4,0.19704342480841305,0.004997330552254052,68.8190997408123,,
HQ 1.5-8 AIRFOIL.dat,2.0,5.0,0,0,transition_front_oscillation,100,494.7,,,,1,1
HQ 1.5-8 AIRFOIL.dat,4.0,5.0,0,0,transition_front_oscillation,100,530.1,,,,0,0
HQ 1.5-8 AIRFOIL.dat,6.0,5.0,1,1,,16,129.6,0.8455340120951079,0.009015243917576847,68.37175457539277,,
HQ 1.5-8 AIRFOIL.dat,8.0,5.0,1,1,,11,102.8,1.052752749959034,0.011663259242131269,69.39092794761825,,
HQ 1.5-8 AIRFOIL.dat,-4.0,9.0,1,1,,14,121.7,-0.23456683309135928,0.007175105602603194,69.19025352094566,,
HQ 1.5-8 AIRFOIL.dat,-2.0,9.0,1,1,,33,260.6,-0.01581286888816696,0.005563525577011777,69.07257245707291,,
HQ 1.5-8 AIRFOIL.dat,0.0,9.0,1,1,,26,212.2,0.2003752337592964,0.004033587464324796,68.24295916447186,,
HQ 1.5-8 AIRFOIL.dat,2.0,9.0,0,0,transition_front_oscillation,100,448.6,,,,1,1
HQ 1.5-8 AIRFOIL.dat,4.0,9.0,1,1,,8,82.9,0.6370081963342704,0.0063488187056935435,67.37797255195491,,
HQ 1.5-8 AIRFOIL.dat,6.0,9.0,0,0,transition_front_oscillation,100,461.3,,,,1,1
HQ 1.5-8 AIRFOIL.dat,8.0,9.0,1,1,,5,70.6,1.0514287585195354,0.012001275432556097,69.46015378492314,,
HQ 2.5-8 AIRFOIL.dat,-4.0,5.0,1,1,,14,147.3,-0.09906196822233564,0.007171776111499391,69.27464022875552,,
HQ 2.5-8 AIRFOIL.dat,-2.0,5.0,1,1,,8,86.9,0.12338271899854035,0.006152312868981269,69.26014571916105,,
HQ 2.5-8 AIRFOIL.dat,0.0,5.0,1,1,,6,69.7,0.341932155369248,0.005101828073898775,68.90434484733754,,
HQ 2.5-8 AIRFOIL.dat,2.0,5.0,1,1,,20,156.2,0.5584396215814273,0.006001691447244799,69.0597450149669,,
HQ 2.5-8 AIRFOIL.dat,4.0,5.0,1,1,,18,154.5,0.7740100064872688,0.007440092204026667,69.47159857435109,,
HQ 2.5-8 AIRFOIL.dat,6.0,5.0,0,0,no_convergence,100,433.6,,,,1,1
HQ 2.5-8 AIRFOIL.dat,8.0,5.0,1,1,,5,56.4,1.184171012334852,0.012464552198322614,70.7543917120592,,
HQ 2.5-8 AIRFOIL.dat,-4.0,9.0,1,1,,10,103.2,-0.09470351083878764,0.007599704278969242,69.21607420083508,,
HQ 2.5-8 AIRFOIL.dat,-2.0,9.0,0,0,transition_front_oscillation,100,427.9,,,,1,1
HQ 2.5-8 AIRFOIL.dat,0.0,9.0,1,1,,29,217.8,0.34620264841418497,0.004094910511679981,68.2555646651357,,
HQ 2.5-8 AIRFOIL.dat,2.0,9.0,1,1,,15,132.1,0.5649699817969918,0.00464046364772644,68.40111348324805,,
HQ 2.5-8 AIRFOIL.dat,4.0,9.0,1,1,,37,300.7,0.7753957725358352,0.006409731285388997,67.93074665489395,,
HQ 2.5-8 AIRFOIL.dat,6.0,9.0,1,1,,47,361.1,0.9811855688477226,0.009454519308234722,69.41701334087162,,
HQ 2.5-8 AIRFOIL.dat,8.0,9.0,1,1,,14,132.2,1.1815472693091498,0.012995558283016516,70.87832845499429,,
I.S.A. 962.dat,-4.0,5.0,1,1,,8,103.7,0.022426039895559382,0.007237766525699179,69.32902064861776,,
I.S.A. 962.dat,-2.0,5.0,1,1,,7,79.4,0.24203853822508073,0.006980955367859706,69.43014361028347,,
I.S.A. 962.dat,0.0,5.0,1,1,,12,119.8,0.45730830222031954,0.007401273038250558,69.7380898440982,,
I.S.A. 962.dat,2.0,5.0,1,1,,7,82.6,0.6699416641715907,0.008288845553860827,70.23906074757886,,
I.S.A. 962.dat,4.0,5.0,1,1,,21,180.1,0.9005689910585255,0.007809525051819624,69.34683580758511,,
I.S.A. 962.dat,6.0,5.0,1,1,,45,344.2,1.0998814242786126,0.00920443796273683,70.70107520740872,,
I.S.A. 962.dat,8.0,5.0,1,1,,8,84.7,1.300808225144129,0.010667289986929673,72.21128781315288,,
I.S.A. 962.dat,-4.0,9.0,1,1,,10,99.0,0.02909081073791438,0.007049336214720143,69.15987910519522,,
I.S.A. 962.dat,-2.0,9.0,1,1,,10,103.2,0.24840171608064965,0.006630287403558544,69.20331452937137,,
I.S.A. 962.dat,0.0,9.0,1,1,,41,336.5,0.4674160035127679,0.006565407454704047,69.31384410403182,,
I.S.A. 962.dat,2.0,9.0,1,1,,15,136.7,0.678882094960891,0.007246588103557408,69.76767254579072,,
I.S.A. 962.dat,4.0,9.0,1,1,,6,70.4,0.9109394144438339,0.00705587440963493,68.8637750889269,,
I.S.A. 962.dat,6.0,9.0,1,1,,34,279.7,1.1042609726952775,0.008860773437045827,70.48991686744755,,
I.S.A. 962.dat,8.0,9.0,1,1,,51,401.0,1.3032199452914364,0.010480984616426155,72.10206893238512,,
LWK 80-150-K25.dat,-4.0,5.0,0,0,no_convergence,100,612.6,,,,0,0
LWK 80-150-K25.dat,-2.0,5.0,1,1,,42,398.3,-0.20714390160968038,0.006003329738581475,68.70926914288549,,
LWK 80-150-K25.dat,0.0,5.0,1,1,,6,78.0,1.1100458110861744e-08,0.004521573115486427,67.78952897498851,,
LWK 80-150-K25.dat,2.0,5.0,1,1,,42,358.4,0.20714392161660275,0.006003330309133032,68.41782184284347,,
LWK 80-150-K25.dat,4.0,5.0,0,0,diverged,100,498.7,,,,0,0
LWK 80-150-K25.dat,6.0,5.0,1,1,,41,320.4,0.6274518074938975,0.009477867807114192,71.80701733572785,,
LWK 80-150-K25.dat,8.0,5.0,0,0,transition_front_oscillation,100,429.4,,,,1,1
LWK 80-150-K25.dat,-4.0,9.0,1,1,,38,301.5,-0.42331975000439426,0.00720501581468554,70.23950808367843,,
LWK 80-150-K25.dat,-2.0,9.0,1,1,,8,86.4,-0.2289730366058866,0.004587053695480556,68.10751487736697,,
LWK 80-150-K25.dat,0.0,9.0,1,1,,6,66.8,1.1374290180728164e-08,0.004450323962761179,67.92753481264054,,
LWK 80-150-K25.dat,2.0,9.0,1,1,,8,84.9,0.22897305940640075,0.004587053931062998,67.86152592207596,,
LWK 80-150-K25.dat,4.0,9.0,1,1,,36,288.6,0.423319927563258,0.007205004945275617,69.58073128375055,,
LWK 80-150-K25.dat,6.0,9.0,1,1,,37,282.5,0.6296146314557186,0.00919792910973593,71.6495551030315,,
LWK 80-150-K25.dat,8.0,9.0,1,1,,39,288.1,0.8336471803218966,0.011069768927281627,73.78962390774295,,
MH 121  8.76%.dat,-4.0,5.0,1,1,,9,97.7,0.035255149710555815,0.006892088317576156,68.59501353883425,,
MH 121  8.76%.dat,-2.0,5.0,0,0,diverged,100,456.3,,,,1,1
MH 121  8.76%.dat,0.0,5.0,1,1,,16,150.5,0.4831387438905137,0.004356511612014699,68.19496592852565,,
MH 121  8.76%.dat,2.0,5.0,0,0,nan_lock,100,299.4,,,,0,0
MH 121  8.76%.dat,4.0,5.0,1,1,,11,101.9,0.8706228475283927,0.0100223851110933,72.02656626223992,,
MH 121  8.76%.dat,6.0,5.0,1,1,,7,75.8,1.0703162396855321,0.012555638874143597,73.02891266361796,,
MH 121  8.76%.dat,8.0,5.0,1,1,,8,79.6,1.2449443921339907,0.016924218511573504,73.82213704898636,,
MH 121  8.76%.dat,-4.0,9.0,1,1,,10,97.5,0.04017932184501441,0.006967307365099935,68.5436335773195,,
MH 121  8.76%.dat,-2.0,9.0,0,0,no_convergence,100,449.7,,,,1,1
MH 121  8.76%.dat,0.0,9.0,1,1,,8,102.0,0.4884154562677097,0.004083566413145456,67.98158595437945,,
MH 121  8.76%.dat,2.0,9.0,0,0,diverged,100,484.2,,,,1,1
MH 121  8.76%.dat,4.0,9.0,1,1,,8,86.7,0.8711927998371237,0.009716374411437065,71.90489704747604,,
MH 121  8.76%.dat,6.0,9.0,1,1,,9,99.3,1.0522149089855448,0.0137674425256338,72.82395601769966,,
MH 121  8.76%.dat,8.0,9.0,1,1,,26,218.1,1.2319267376373528,0.020080751840188742,73.02133307864368,,
MH 49.dat,-4.0,5.0,1,1,,40,388.9,-0.593038510429073,0.008678452655359707,70.38574211063585,,
MH 49.dat,-2.0,5.0,1,1,,9,103.8,-0.3714705872978219,0.006915479751872401,70.01527389483624,,
MH 49.dat,0.0,5.0,1,1,,6,80.0,-0.14656715811157744,0.005861132252528853,69.57378709163777,,
MH 49.dat,2.0,5.0,1,1,,9,96.7,0.07881535968599637,0.005385329588068294,69.07826587897145,,
MH 49.dat,4.0,5.0,1,1,,11,116.5,0.31792093588725345,0.005439238350445493,73.11607235520333,,
MH 49.dat,6.0,5.0,1,1,,9,102.5,0.5864950918888899,0.0076268747645655225,66.3842229485928,,
MH 49.dat,8.0,5.0,1,1,,6,76.4,0.8265810781235364,0.009971277212817337,67.08308378597098,,
MH 49.dat,-4.0,9.0,1,1,,41,348.1,-0.5937904476599848,0.00851908601494055,70.3988564001994,,
MH 49.dat,-2.0,9.0,1,1,,10,103.5,-0.3742451098047371,0.006438290866407062,69.90857069572769,,
MH 49.dat,0.0,9.0,1,1,,7,76.4,-0.15162708863904104,0.005137325178118931,69.23320925241545,,
MH 49.dat,2.0,9.0,1,1,,6,68.4,0.06517998114908281,0.0037588277042009777,68.16699558641183,,
MH 49.dat,4.0,9.0,1,1,,7,75.5,0.36262693965410975,0.004895657970094237,66.58845846749557,,
MH 49.dat,6.0,9.0,1,1,,5,60.7,0.6066315405639063,0.007121345149058909,66.5406679968681,,
MH 49.dat,8.0,9.0,0,0,transition_front_oscillation,100,442.1,,,,1,1
MH 93  15.98%.dat,-4.0,5.0,1,1,,56,479.7,-0.4584117810813343,0.009570108238891317,71.19673992496334,,
MH 93  15.98%.dat,-2.0,5.0,1,1,,28,264.8,-0.2421476385826335,0.007465070361699351,69.52846375743123,,
MH 93  15.98%.dat,0.0,5.0,1,1,,7,89.4,-0.01901706555411857,0.006398756779936614,68.28464832037342,,
MH 93  15.98%.dat,2.0,5.0,1,1,,6,78.2,0.21123730996425752,0.0063055313302193385,67.75093344463504,,
MH 93  15.98%.dat,4.0,5.0,1,1,,14,146.0,0.44428020610596214,0.006778255378677043,67.75255638898022,,
MH 93  15.98%.dat,6.0,5.0,1,1,,6,76.5,0.6766730780503729,0.007639625829873676,68.12388520171214,,
MH 93  15.98%.dat,8.0,5.0,1,1,,8,92.9,0.9046625904263388,0.008835725015957713,68.88420518933523,,
MH 93  15.98%.dat,-4.0,9.0,1,1,,39,336.9,-0.4606648071822636,0.00898176872553605,71.00923252877192,,
MH 93  15.98%.dat,-2.0,9.0,1,1,,25,226.4,-0.24972225561358244,0.006274375675309038,68.89233749086814,,
MH 93  15.98%.dat,0.0,9.0,1,1,,7,90.1,-0.025177965049892843,0.005474275317819027,67.72937345724768,,
MH 93  15.98%.dat,2.0,9.0,1,1,,45,394.5,0.2086775949081485,0.00579128680827308,67.56346792011838,,
MH 93  15.98%.dat,4.0,9.0,1,1,,28,254.1,0.4431060342493501,0.006407334400908797,67.66837148445198,,
MH 93  15.98%.dat,6.0,9.0,1,1,,30,262.2,0.6759130750414554,0.007264082866856986,68.00871662810462,,
MH 93  15.98%.dat,8.0,9.0,1,1,,28,235.4,0.9041922150290658,0.008417036208781701,68.68785601841742,,
NACA 0010.dat,-4.0,5.0,1,1,,6,90.1,-0.41914850292106637,0.007042711423377605,69.13157939453092,,
NACA 0010.dat,-2.0,5.0,1,1,,23,218.8,-0.20873619982384803,0.006346171610562905,68.9145543489507,,
NACA 0010.dat,0.0,5.0,1,1,,4,57.1,5.351286531084243e-09,0.006152484241008806,68.86349237225109,,
NACA 0010.dat,2.0,5.0,1,1,,22,196.2,0.2087375219720894,0.006346059921237776,68.63057223411818,,
NACA 0010.dat,4.0,5.0,1,1,,6,73.9,0.4191485146913337,0.00704271175052481,68.49194374457659,,
NACA 0010.dat,6.0,5.0,1,1,,12,119.5,0.6403178836387374,0.008107206322823794,67.35822039854956,,
NACA 0010.dat,8.0,5.0,1,1,,7,81.7,0.8844283884155357,0.00995360434084447,68.083375705813,,
NACA 0010.dat,-4.0,9.0,1,1,,34,280.4,-0.4158613807800206,0.006542504659025054,74.65886821875004,,
NACA 0010.dat,-2.0,9.0,1,1,,10,104.1,-0.20351507158535398,0.005038675682504037,68.3104068056273,,
NACA 0010.dat,0.0,9.0,1,1,,5,75.4,4.9028330424390545e-09,0.004711425893545727,68.14503291111053,,
NACA 0010.dat,2.0,9.0,1,1,,10,113.3,0.2035150825180803,0.005038675805500464,68.0418303547499,,
NACA 0010.dat,4.0,9.0,1,1,,34,303.7,0.4158613964230336,0.006542505082214772,74.19706740372371,,
NACA 0010.dat,6.0,9.0,1,1,,41,308.8,0.6700221388911197,0.008128747356402377,67.3732950557232,,
NACA 0010.dat,8.0,9.0,1,1,,44,368.4,0.9148618732192636,0.009976823582613915,68.06252023601242,,
NACA 2415.dat,-4.0,5.0,1,1,,6,79.1,-0.20733806014236675,0.007662135244508071,69.17906768000493,,
NACA 2415.dat,-2.0,5.0,1,1,,8,93.6,0.0050934569851089516,0.007219568777264558,69.10724978160718,,
NACA 2415.dat,0.0,5.0,1,1,,5,65.5,0.21893689992946472,0.006966140727026029,69.33351774291368,,
NACA 2415.dat,2.0,5.0,1,1,,6,89.4,0.4308652447769969,0.006888612446444137,69.81716906698834,,
NACA 2415.dat,4.0,5.0,1,1,,30,274.7,0.6356809998189162,0.007422857877542762,70.71197464513807,,
NACA 2415.dat,6.0,5.0,1,1,,41,343.2,0.8283523782411595,0.008517867014382046,72.00753503166654,,
NACA 2415.dat,8.0,5.0,0,0,nan_lock,100,108.3,,,,1,1
NACA 2415.dat,-4.0,9.0,0,0,no_convergence,100,459.2,,,,1,1
NACA 2415.dat,-2.0,9.0,1,1,,10,99.4,0.010353243866918818,0.006379807206566406,68.68037606691814,,
NACA 2415.dat,0.0,9.0,1,1,,9,99.9,0.22011473183061298,0.006064251467001625,68.92194671561334,,
NACA 2415.dat,2.0,9.0,1,1,,7,76.7,0.4287934165342001,0.0058518303610218085,69.35283713485293,,
NACA 2415.dat,4.0,9.0,1,1,,12,116.4,0.6319984316758288,0.006139416794913172,70.08206871723688,,
NACA 2415.dat,6.0,9.0,1,1,,14,131.1,0.8670322803335503,0.007813751817859892,70.71581892556726,,
NACA 2415.dat,8.0,9.0,1,1,,54,410.1,1.1096156467088103,0.01033545739758447,72.49375549809778,,
NACA 63012A AIRFOIL.dat,-4.0,5.0,1,1,,38,367.3,-0.4227852823514622,0.007993123952858307,69.61930364555013,,
NACA 63012A AIRFOIL.dat,-2.0,5.0,1,1,,28,245.6,-0.21582374416987385,0.005860332168172306,68.62092047692497,,
NACA 63012A AIRFOIL.dat,0.0,5.0,1,1,,5,66.6,8.952405077455525e-09,0.005026763570798349,68.1408235201738,,
NACA 63012A AIRFOIL.dat,2.0,5.0,1,1,,28,244.8,0.2158231112492601,0.00586041689300583,68.34133706029522,,
NACA 63012A AIRFOIL.dat,4.0,5.0,1,1,,38,328.7,0.4227853017085654,0.007993124425713921,68.95855363388863,,
NACA 63012A AIRFOIL.dat,6.0,5.0,1,1,,7,78.2,0.6377930609266101,0.009128906086183497,69.46940540109694,,
NACA 63012A AIRFOIL.dat,8.0,5.0,1,1,,43,326.0,0.8428141610391621,0.01049034255881108,70.13789390287218,,
NACA 63012A AIRFOIL.dat,-4.0,9.0,0,0,transition_front_oscillation,100,451.2,,,,0,0
NACA 63012A AIRFOIL.dat,-2.0,9.0,1,1,,8,79.3,-0.22048383878537303,0.004868409413744148,68.16918753810164,,
NACA 63012A AIRFOIL.dat,0.0,9.0,1,1,,8,82.3,9.078459315683615e-09,0.00453762864466173,67.86506021179322,,
NACA 63012A AIRFOIL.dat,2.0,9.0,1,1,,8,93.7,0.22048385681070712,0.004868409591887509,67.91385614343555,,
NACA 63012A AIRFOIL.dat,4.0,9.0,0,0,transition_front_oscillation,100,490.0,,,,0,0
NACA 63012A AIRFOIL.dat,6.0,9.0,1,1,,16,134.3,0.6285787465304107,0.008804466225952117,69.15906478622232,,
NACA 63012A AIRFOIL.dat,8.0,9.0,1,1,,12,107.7,0.8691999324176549,0.01089971049328682,69.5078024962942,,
NACA 65-210.dat,-4.0,5.0,1,1,,25,228.2,-0.2751899896362629,0.007419964926437996,69.10439123845467,,
NACA 65-210.dat,-2.0,5.0,1,1,,39,301.1,-0.050321789899734605,0.006621960179362226,68.82904319002452,,
NACA 65-210.dat,0.0,5.0,1,1,,19,166.2,0.16934139224046918,0.004340400888911758,68.08795552143496,,
NACA 65-210.dat,2.0,5.0,1,1,,35,274.4,0.3813296469703711,0.006678869885038504,68.97297936111113,,
NACA 65-210.dat,4.0,5.0,1,1,,45,363.8,0.5993258381565022,0.008320953531538527,69.57363091410501,,
NACA 65-210.dat,6.0,5.0,1,1,,14,132.3,0.8163232821921338,0.009742518935629262,70.26773145689273,,
NACA 65-210.dat,8.0,5.0,1,1,,48,374.0,1.0254241765990184,0.011696366624916504,71.28078079720781,,
NACA 65-210.dat,-4.0,9.0,1,1,,15,137.7,-0.2720630510530068,0.007390356375494172,69.08453852808,,
NACA 65-210.dat,-2.0,9.0,1,1,,42,326.4,-0.0492490896606887,0.006023345285971109,68.68050352526248,,
NACA 65-210.dat,0.0,9.0,1,1,,18,163.4,0.17036779410604636,0.0040518234895729425,67.97162191215584,,
NACA 65-210.dat,2.0,9.0,1,1,,44,353.5,0.3934999587226333,0.004644048981117902,68.1709902905872,,
NACA 65-210.dat,4.0,9.0,1,1,,12,117.5,0.5980129113239231,0.008175396324268584,69.54706710486657,,
NACA 65-210.dat,6.0,9.0,1,1,,15,133.9,0.8117624927776763,0.009980878495130189,70.34652077763931,,
NACA 65-210.dat,8.0,9.0,0,0,no_convergence,100,446.2,,,,1,1
NACA 8-H-12 AIRFOIL.dat,-4.0,5.0,1,1,,13,142.9,-0.345288500676395,0.00867494379112523,70.11631898133346,,
NACA 8-H-12 AIRFOIL.dat,-2.0,5.0,1,1,,8,92.7,-0.11845710060645519,0.00786025069331891,69.79751801909228,,
NACA 8-H-12 AIRFOIL.dat,0.0,5.0,1,1,,33,262.5,0.10971368209333145,0.00738784396966203,69.46270573185214,,
NACA 8-H-12 AIRFOIL.dat,2.0,5.0,1,1,,12,107.8,0.3228104687600286,0.00551137066433396,68.17244842916236,,
NACA 8-H-12 AIRFOIL.dat,4.0,5.0,1,1,,45,334.6,0.5757154945537284,0.00544269474437277,65.94463374473457,,
NACA 8-H-12 AIRFOIL.dat,6.0,5.0,1,1,,11,101.0,0.8235275734657156,0.006987369686589436,66.3697064861047,,
NACA 8-H-12 AIRFOIL.dat,8.0,5.0,1,1,,6,67.1,1.054034502040768,0.010944933910901088,69.10302227365149,,
NACA 8-H-12 AIRFOIL.dat,-4.0,9.0,1,1,,21,171.1,-0.3441361134579505,0.008794537202472941,70.10471040079102,,
NACA 8-H-12 AIRFOIL.dat,-2.0,9.0,0,0,transition_front_oscillation,100,481.0,,,,1,1
NACA 8-H-12 AIRFOIL.dat,0.0,9.0,1,1,,42,312.7,0.10881743085369847,0.006959925358394307,69.36815724669509,,
NACA 8-H-12 AIRFOIL.dat,2.0,9.0,1,1,,29,219.1,0.32291922262135236,0.004734436697691089,65.77111028302151,,
NACA 8-H-12 AIRFOIL.dat,4.0,9.0,1,1,,10,97.2,0.6243730427840674,0.00537455641389651,66.49749030725498,,
NACA 8-H-12 AIRFOIL.dat,6.0,9.0,1,1,,7,68.6,0.8657403193277674,0.006059535991849943,66.46953496051232,,
NACA 8-H-12 AIRFOIL.dat,8.0,9.0,1,1,,7,68.9,1.0722525338824644,0.009951145423077038,68.26853576140904,,
NACA M4 AIRFOIL.dat,-4.0,5.0,1,1,,6,78.1,-0.35556179836411866,0.008019993688612222,69.91766331763961,,
NACA M4 AIRFOIL.dat,-2.0,5.0,1,1,,38,291.2,-0.1377934314940327,0.006908027292040684,69.66735279644736,,
NACA M4 AIRFOIL.dat,0.0,5.0,1,1,,34,266.0,0.08191549017911695,0.006506603897205138,69.46819379407137,,
NACA M4 AIRFOIL.dat,2.0,5.0,1,1,,16,157.3,0.2783219959318508,0.004270247771697536,68.01908369429131,,
NACA M4 AIRFOIL.dat,4.0,5.0,1,1,,9,95.3,0.5254341016247684,0.006435235027985919,66.9159661025163,,
NACA M4 AIRFOIL.dat,6.0,5.0,1,1,,49,379.4,0.7568879784320933,0.008473481195499196,67.31392575418643,,
NACA M4 AIRFOIL.dat,8.0,5.0,1,1,,5,59.2,0.9713418519098219,0.010816735968624482,68.03759210882245,,
NACA M4 AIRFOIL.dat,-4.0,9.0,1,1,,15,131.9,-0.3532146545905536,0.007925302767058485,69.79377287957155,,
NACA M4 AIRFOIL.dat,-2.0,9.0,1,1,,18,150.8,-0.13646046248926194,0.006658957598556043,69.55049334176776,,
NACA M4 AIRFOIL.dat,0.0,9.0,1,1,,39,300.7,0.08308879399433994,0.006159342098170675,69.32404901676075,,
NACA M4 AIRFOIL.dat,2.0,9.0,1,1,,22,178.1,0.2978289989529329,0.004082390150002593,66.06485995111638,,
NACA M4 AIRFOIL.dat,4.0,9.0,1,1,,36,260.1,0.5770943641786346,0.0056737962972484395,67.28331372434461,,
NACA M4 AIRFOIL.dat,6.0,9.0,1,1,,49,364.4,0.7808134210368176,0.008496778468499007,67.46666726071054,,
NACA M4 AIRFOIL.dat,8.0,9.0,1,1,,5,58.8,0.9687738254519958,0.011343998993370156,68.20269779640026,,
NASA SC(2)-0012 AIRFOIL.dat,-4.0,5.0,0,0,diverged,100,508.1,,,,1,1
NASA SC(2)-0012 AIRFOIL.dat,-2.0,5.0,1,1,,11,106.6,-0.20122743693681408,0.00692133439241709,69.06903004398094,,
NASA SC(2)-0012 AIRFOIL.dat,0.0,5.0,1,1,,10,99.7,5.591267648635996e-09,0.006056757575233295,68.54304400412785,,
NASA SC(2)-0012 AIRFOIL.dat,2.0,5.0,1,1,,11,107.8,0.20122745037041712,0.006921334641279686,68.75910236697854,,
NASA SC(2)-0012 AIRFOIL.dat,4.0,5.0,0,0,diverged,100,456.5,,,,1,1
NASA SC(2)-0012 AIRFOIL.dat,6.0,5.0,1,1,,19,161.7,0.6392027485419304,0.009034917570200479,69.88324559747704,,
NASA SC(2)-0012 AIRFOIL.dat,8.0,5.0,1,1,,26,213.3,0.8499135828552095,0.010577318422659805,70.81500727913603,,
NASA SC(2)-0012 AIRFOIL.dat,-4.0,9.0,1,1,,42,325.2,-0.41996834178553266,0.007726562435797253,69.84668828031327,,
NASA SC(2)-0012 AIRFOIL.dat,-2.0,9.0,1,1,,11,105.5,-0.20762534610025563,0.006074318408681841,68.72523681868924,,
NASA SC(2)-0012 AIRFOIL.dat,0.0,9.0,1,1,,8,80.1,6.399897600696709e-09,0.004451546892555827,67.73578988852826,,
NASA SC(2)-0012 AIRFOIL.dat,2.0,9.0,1,1,,11,108.3,0.20762535900200677,0.0060743186908887,68.43425593935345,,
NASA SC(2)-0012 AIRFOIL.dat,4.0,9.0,1,1,,40,326.1,0.41996835690427115,0.007726563003065168,69.17540923599995,,
NASA SC(2)-0012 AIRFOIL.dat,6.0,9.0,1,1,,16,151.3,0.6364949374042684,0.008807827753168039,69.81352870503117,,
NASA SC(2)-0012 AIRFOIL.dat,8.0,9.0,1,1,,34,269.4,0.840998473865771,0.009968189208235048,70.69506296082541,,
NASA-LANGLEY MS(1)-0313 AIRFOIL.dat,-4.0,5.0,1,1,,7,92.9,-0.12768135809770595,0.007253650677063889,68.70758135726065,,
NASA-LANGLEY MS(1)-0313 AIRFOIL.dat,-2.0,5.0,1,1,,8,101.5,0.10142647295477539,0.006224201183707544,68.31150087291412,,
NASA-LANGLEY MS(1)-0313 AIRFOIL.dat,0.0,5.0,1,1,,16,140.1,0.3195236549943902,0.006256161423719769,69.0723871740417,,
NASA-LANGLEY MS(1)-0313 AIRFOIL.dat,2.0,5.0,1,1,,5,63.1,0.5416417501375208,0.007731331545508742,70.1029231229938,,
NASA-LANGLEY MS(1)-0313 AIRFOIL.dat,4.0,5.0,1,1,,10,107.3,0.766041350349018,0.008843582675585599,70.9767535507808,,
NASA-LANGLEY MS(1)-0313 AIRFOIL.dat,6.0,5.0,1,1,,35,296.2,0.9861378182453617,0.010123669675003581,72.01335324629157,,
NASA-LANGLEY MS(1)-0313 AIRFOIL.dat,8.0,5.0,1,1,,41,337.9,1.1996226636513259,0.011656059540290361,73.28895153743724,,
NASA-LANGLEY MS(1)-0313 AIRFOIL.dat,-4.0,9.0,1,1,,37,303.5,-0.12523578859413115,0.007062506281925173,68.69529792634381,,
NASA-LANGLEY MS(1)-0313 AIRFOIL.dat,-2.0,9.0,1,1,,20,164.4,0.10471181800158445,0.004651814984170046,67.89651387976645,,
NASA-LANGLEY MS(1)-0313 AIRFOIL.dat,0.0,9.0,1,1,,7,71.1,0.3374502550952588,0.004495188823295963,67.9668224744326,,
NASA-LANGLEY MS(1)-0313 AIRFOIL.dat,2.0,9.0,1,1,,32,253.5,0.5483005098878921,0.0069694783404692815,69.70718130329386,,
NASA-LANGLEY MS(1)-0313 AIRFOIL.dat,4.0,9.0,1,1,,37,287.5,0.7683921430338486,0.00856303570267886,70.86458740805722,,
NASA-LANGLEY MS(1)-0313 AIRFOIL.dat,6.0,9.0,1,1,,54,419.9,0.9872061764977378,0.009991113201578592,71.97392575206011,,
NASA-LANGLEY MS(1)-0313 AIRFOIL.dat,8.0,9.0,1,1,,57,436.0,1.2000208708104592,0.011596566021666518,73.27938751112153,,
OAF128 AIRFOIL.dat,-4.0,5.0,0,0,nan_lock,100,35.0,,,,0,0
OAF128 AIRFOIL.dat,-2.0,5.0,0,0,nan_lock,100,30.6,,,,0,0
OAF128 AIRFOIL.dat,0.0,5.0,0,0,nan_lock,100,32.7,,,,0,0
OAF128 AIRFOIL.dat,2.0,5.0,0,0,nan_lock,100,40.2,,,,0,0
OAF128 AIRFOIL.dat,4.0,5.0,0,0,nan_lock,100,33.3,,,,0,0
OAF128 AIRFOIL.dat,6.0,5.0,0,0,nan_lock,100,34.5,,,,0,0
OAF128 AIRFOIL.dat,8.0,5.0,0,0,nan_lock,100,45.0,,,,0,0
OAF128 AIRFOIL.dat,-4.0,9.0,0,0,nan_lock,100,30.9,,,,0,0
OAF128 AIRFOIL.dat,-2.0,9.0,0,0,nan_lock,100,30.1,,,,0,0
OAF128 AIRFOIL.dat,0.0,9.0,0,0,nan_lock,100,31.7,,,,0,0
OAF128 AIRFOIL.dat,2.0,9.0,0,0,nan_lock,100,34.7,,,,0,0
OAF128 AIRFOIL.dat,4.0,9.0,0,0,nan_lock,100,35.3,,,,0,0
OAF128 AIRFOIL.dat,6.0,9.0,0,0,nan_lock,100,32.0,,,,0,0
OAF128 AIRFOIL.dat,8.0,9.0,0,0,nan_lock,100,36.4,,,,0,0
RAE 103 AIRFOIL.dat,-4.0,5.0,1,1,,36,322.4,-0.4239407651744023,0.0076423909873099575,69.4546696158171,,
RAE 103 AIRFOIL.dat,-2.0,5.0,1,1,,24,195.3,-0.21088032065406634,0.006048808913727594,68.78638687087712,,
RAE 103 AIRFOIL.dat,0.0,5.0,1,1,,6,70.8,4.863506465830128e-09,0.004685273526958072,68.13933206071107,,
RAE 103 AIRFOIL.dat,2.0,5.0,1,1,,29,238.7,0.21088033227014236,0.0060488094919405825,68.50916792353028,,
RAE 103 AIRFOIL.dat,4.0,5.0,1,1,,36,279.2,0.42394079836334164,0.007642388080580188,68.816239969275,,
RAE 103 AIRFOIL.dat,6.0,5.0,0,0,transition_front_oscillation,100,425.5,,,,0,1
RAE 103 AIRFOIL.dat,8.0,5.0,1,1,,11,110.8,0.852961331848633,0.010740321076686373,68.91900227770282,,
RAE 103 AIRFOIL.dat,-4.0,9.0,0,0,transition_front_oscillation,100,461.8,,,,1,1
RAE 103 AIRFOIL.dat,-2.0,9.0,1,1,,37,280.8,-0.2196671958650246,0.004491053069126211,68.12613233758107,,
RAE 103 AIRFOIL.dat,0.0,9.0,1,1,,10,95.1,4.820557056067938e-09,0.004268766479341501,67.89908128592846,,
RAE 103 AIRFOIL.dat,2.0,9.0,1,1,,37,289.4,0.2196672049253991,0.0044910532130379805,67.88710081047303,,
RAE 103 AIRFOIL.dat,4.0,9.0,1,1,,42,330.3,0.4196465882054146,0.007101044629091084,68.5757190384245,,
RAE 103 AIRFOIL.dat,6.0,9.0,0,0,transition_front_oscillation,100,489.1,,,,1,1
RAE 103 AIRFOIL.dat,8.0,9.0,1,1,,10,99.1,0.8743565279874148,0.011773770358914446,69.10165919977696,,
RAF 69 AIRFOIL.dat,-4.0,5.0,1,1,,6,82.5,-0.24278875840434394,0.008141462836452907,69.80193393125188,,
RAF 69 AIRFOIL.dat,-2.0,5.0,1,1,,5,61.8,-0.028966277516579517,0.007503214114667626,69.18348037418424,,
RAF 69 AIRFOIL.dat,0.0,5.0,1,1,,5,61.6,0.18675261515926053,0.007271582291963705,69.36225612044768,,
RAF 69 AIRFOIL.dat,2.0,5.0,1,1,,6,69.9,0.40177510644829,0.007327749345274752,70.19413221909193,,
RAF 69 AIRFOIL.dat,4.0,5.0,1,1,,7,78.7,0.6112565428072652,0.007884781052553169,71.74244257322282,,
RAF 69 AIRFOIL.dat,6.0,5.0,1,1,,34,273.1,0.8109021211412246,0.008909006983100532,74.10837288304121,,
RAF 69 AIRFOIL.dat,8.0,5.0,1,1,,9,94.6,0.9812448863043342,0.010899054510669165,79.7386528859023,,
RAF 69 AIRFOIL.dat,-4.0,9.0,1,1,,17,181.2,-0.24661584971717887,0.007347765988023584,69.3975779763726,,
RAF 69 AIRFOIL.dat,-2.0,9.0,1,1,,7,83.8,-0.029632124456738906,0.006771450594693904,68.80110904785514,,
RAF 69 AIRFOIL.dat,0.0,9.0,1,1,,45,366.7,0.1880916911249275,0.006550388161764219,68.95793837622986,,
RAF 69 AIRFOIL.dat,2.0,9.0,1,1,,30,262.1,0.4045102895603945,0.006583398076946533,69.73911468917345,,
RAF 69 AIRFOIL.dat,4.0,9.0,1,1,,8,83.2,0.6180480492933287,0.007026817944652932,71.12263194975374,,
RAF 69 AIRFOIL.dat,6.0,9.0,1,1,,8,81.4,0.8268392679211669,0.007827594196580776,73.08270193763215,,
RAF 69 AIRFOIL.dat,8.0,9.0,1,1,,21,171.3,1.009313725497786,0.00939233663904022,76.3849680197172,,
S2027.dat,-4.0,5.0,1,1,,5,71.4,-0.15673311515509616,0.00796093055336739,68.9619306493598,,
S2027.dat,-2.0,5.0,1,1,,6,71.5,0.07164307836034732,0.006801079453558064,68.76564035910377,,
S2027.dat,0.0,5.0,1,1,,5,62.0,0.30101116580001286,0.006067844473374884,68.58028275998348,,
S2027.dat,2.0,5.0,1,1,,18,148.5,0.5321783322040917,0.006332181223844333,68.71433250719267,,
S2027.dat,4.0,5.0,1,1,,7,77.3,0.7612799863830476,0.006980796301743911,69.14881617115556,,
S2027.dat,6.0,5.0,1,1,,6,68.5,0.9857477397809852,0.007951974185571075,69.9605474492817,,
S2027.dat,8.0,5.0,1,1,,26,200.4,1.1815093175533613,0.010734605611208464,72.32223126436541,,
S2027.dat,-4.0,9.0,1,1,,23,183.5,-0.15595086560132668,0.007394765365909934,68.78897173208347,,
S2027.dat,-2.0,9.0,1,1,,25,194.0,0.07078954893687875,0.005805307926245805,68.45063892638254,,
S2027.dat,0.0,9.0,1,1,,22,172.5,0.30213459124648756,0.005466129096041828,68.29246773598014,,
S2027.dat,2.0,9.0,1,1,,25,196.1,0.5343669442004226,0.005760503587286934,68.41735389641853,,
S2027.dat,4.0,9.0,1,1,,26,202.0,0.7640259206368362,0.006295847946636289,68.76856969849419,,
S2027.dat,6.0,9.0,1,1,,28,212.3,0.985517351252355,0.007013455837857753,69.29071204875672,,
S2027.dat,8.0,9.0,0,0,transition_front_oscillation,100,417.5,,,,1,1
S4083 (8%).dat,-4.0,5.0,1,1,,7,83.2,-0.009787537915240787,0.007759895416011688,70.18849955274678,,
S4083 (8%).dat,-2.0,5.0,1,1,,41,311.0,0.20723823977929395,0.007276384419640924,70.2149480157342,,
S4083 (8%).dat,0.0,5.0,1,1,,7,85.1,0.42561807187223166,0.0068195935094413,69.98126634909929,,
S4083 (8%).dat,2.0,5.0,1,1,,6,72.4,0.6412315638473172,0.006290912085155498,69.34253746445503,,
S4083 (8%).dat,4.0,5.0,1,1,,31,242.2,0.8612090886738711,0.00652158933512384,67.98772286799777,,
S4083 (8%).dat,6.0,5.0,0,0,transition_front_oscillation,100,437.0,,,,1,1
S4083 (8%).dat,8.0,5.0,0,0,no_convergence,100,414.3,,,,1,1
S4083 (8%).dat,-4.0,9.0,1,1,,7,81.2,0.009584165152271807,0.006902310114410462,69.56290858140483,,
S4083 (8%).dat,-2.0,9.0,1,1,,9,100.5,0.21214949269738448,0.006802045505663582,69.99713490235311,,
S4083 (8%).dat,0.0,9.0,1,1,,30,245.8,0.4265543423521087,0.005989452158283401,69.59465766347124,,
S4083 (8%).dat,2.0,9.0,1,1,,26,221.7,0.6495567146150049,0.005269482475231192,67.67187554426461,,
S4083 (8%).dat,4.0,9.0,1,1,,30,247.8,0.865129044867231,0.0061037312969257716,67.87013341661402,,
S4083 (8%).dat,6.0,9.0,1,1,,59,457.2,1.0726235275477547,0.007872436299656463,68.28254414108028,,
S4083 (8%).dat,8.0,9.0,1,1,,12,108.3,1.2592062616454078,0.012136885761474203,69.4990617390175,,
S9033 (7.5%).dat,-4.0,5.0,1,1,,34,294.0,-0.4333197723273047,0.0065138981704831326,72.3252076064414,,
S9033 (7.5%).dat,-2.0,5.0,1,1,,7,83.4,-0.22125087676353247,0.006491844055635143,69.43413656974604,,
S9033 (7.5%).dat,0.0,5.0,1,1,,4,58.7,6.82774155968827e-09,0.0064092069976758445,69.47146494986698,,
S9033 (7.5%).dat,2.0,5.0,1,1,,7,79.1,0.22125089069863857,0.006491844113732985,69.17162009154532,,
S9033 (7.5%).dat,4.0,5.0,1,1,,34,273.9,0.4333197891353906,0.006513898417311612,71.83474751658005,,
S9033 (7.5%).dat,6.0,5.0,1,1,,40,288.7,0.6670088804848232,0.008012837527306844,67.16130153444949,,
S9033 (7.5%).dat,8.0,5.0,0,0,diverged,100,430.9,,,,1,1
S9033 (7.5%).dat,-4.0,9.0,1,1,,38,304.0,-0.45427159297116565,0.006304255224010285,67.80870443342852,,
S9033 (7.5%).dat,-2.0,9.0,1,1,,9,94.4,-0.21441839040661043,0.005127705004063079,68.5927162893305,,
S9033 (7.5%).dat,0.0,9.0,1,1,,5,64.7,6.7873138891454306e-09,0.005131580533240194,68.86664382876054,,
S9033 (7.5%).dat,2.0,9.0,1,1,,9,95.3,0.21441840223304687,0.005127705016662422,68.33270726307667,,
S9033 (7.5%).dat,4.0,9.0,1,1,,52,405.5,0.4542716037759997,0.00630425589024413,67.15872932727767,,
S9033 (7.5%).dat,6.0,9.0,1,1,,10,100.9,0.6675539311781885,0.007910504759200366,67.15342434805616,,
S9033 (7.5%).dat,8.0,9.0,1,1,,7,75.0,0.8816141093021707,0.010104846244971755,67.26652072109901,,
SD6080 (9.2%).dat,-4.0,5.0,1,1,,39,368.1,-0.06679055819740722,0.007344819776782152,69.46190820125071,,
SD6080 (9.2%).dat,-2.0,5.0,1,1,,7,82.9,0.16066713795582832,0.006633010278416241,69.35744292664236,,
SD6080 (9.2%).dat,0.0,5.0,0,0,nan_lock,100,288.0,,,,1,0
SD6080 (9.2%).dat,2.0,5.0,1,1,,5,63.4,0.6104721843628514,0.005549444071701047,68.5880859967684,,
SD6080 (9.2%).dat,4.0,5.0,1,1,,10,106.2,0.8286057967627006,0.006365234115938657,67.6958870854958,,
SD6080 (9.2%).dat,6.0,5.0,0,0,transition_front_oscillation,100,463.8,,,,0,0
SD6080 (9.2%).dat,8.0,5.0,1,1,,33,266.8,1.2412460816592599,0.012076604963399564,71.66892939298863,,
SD6080 (9.2%).dat,-4.0,9.0,1,1,,18,164.2,-0.06501840060536412,0.007226568704792906,69.37208024855073,,
SD6080 (9.2%).dat,-2.0,9.0,1,1,,20,180.6,0.16236719267992739,0.00632886760299477,69.23011585010853,,
SD6080 (9.2%).dat,0.0,9.0,1,1,,22,182.6,0.3884809161158342,0.005275247934675597,68.74855559935486,,
SD6080 (9.2%).dat,2.0,9.0,1,1,,7,70.7,0.6126345425091557,0.0043180388096754905,66.358544806793,,
SD6080 (9.2%).dat,4.0,9.0,1,1,,6,66.8,0.8352217172230975,0.00538405104295661,67.09978073328124,,
SD6080 (9.2%).dat,6.0,9.0,1,1,,12,114.6,1.046349644965901,0.007947146523830596,68.83842667478915,,
SD6080 (9.2%).dat,8.0,9.0,0,0,transition_front_oscillation,100,461.6,,,,1,1
SPICA  11.73% smoothed.dat,-4.0,5.0,1,1,,41,379.0,0.019285710052035058,0.008020314025979717,69.34749679523755,,
SPICA  11.73% smoothed.dat,-2.0,5.0,1,1,,23,200.5,0.24236265828264195,0.007453634737536011,69.31606236432756,,
SPICA  11.73% smoothed.dat,0.0,5.0,1,1,,7,79.5,0.46575465510655784,0.007250555890161826,69.35756140189314,,
SPICA  11.73% smoothed.dat,2.0,5.0,1,1,,17,156.8,0.686605186332444,0.0074751639713346,69.56525224244162,,
SPICA  11.73% smoothed.dat,4.0,5.0,1,1,,6,67.2,0.9255019691729884,0.006762629651612849,68.34881319445546,,
SPICA  11.73% smoothed.dat,6.0,5.0,1,1,,6,67.7,1.1212144925207488,0.008040912403125903,69.65716910499563,,
SPICA  11.73% smoothed.dat,8.0,5.0,0,0,transition_front_oscillation,100,446.4,,,,1,1
SPICA  11.73% smoothed.dat,-4.0,9.0,1,1,,20,170.2,0.022715290947783778,0.008124150032345677,69.28622828276141,,
SPICA  11.73% smoothed.dat,-2.0,9.0,1,1,,22,187.9,0.24504350943730405,0.007402379087928481,69.25163487253509,,
SPICA  11.73% smoothed.dat,0.0,9.0,1,1,,22,181.8,0.46902759844722425,0.0070634992379802735,69.25404841313492,,
SPICA  11.73% smoothed.dat,2.0,9.0,1,1,,21,177.0,0.6811151584085933,0.005716065334300309,68.77743356821266,,
SPICA  11.73% smoothed.dat,4.0,9.0,1,1,,18,154.4,0.9376017884766662,0.0059968631883937805,67.86680990309394,,
SPICA  11.73% smoothed.dat,6.0,9.0,1,1,,22,181.3,1.1324399289890634,0.007301175604114104,69.1252190064339,,
SPICA  11.73% smoothed.dat,8.0,9.0,1,1,,10,92.2,1.3283551641517537,0.009003185931018386,70.91438591741087,,
USA 5 AIRFOIL.dat,-4.0,5.0,1,1,,6,84.2,-0.013779307421133634,0.008069754847102756,69.69071431045975,,
USA 5 AIRFOIL.dat,-2.0,5.0,0,0,transition_front_oscillation,100,489.7,,,,1,0
USA 5 AIRFOIL.dat,0.0,5.0,1,1,,9,101.6,0.40469525386812544,0.0070043403418102125,69.74506926137444,,
USA 5 AIRFOIL.dat,2.0,5.0,1,1,,33,303.0,0.6172622147462327,0.007449145469033639,69.93982686746659,,
USA 5 AIRFOIL.dat,4.0,5.0,1,1,,8,95.5,0.8764093247966265,0.006650411598001838,68.34735455472048,,
USA 5 AIRFOIL.dat,6.0,5.0,1,1,,15,146.7,1.06784209231177,0.010137285203949868,70.00416218140009,,
USA 5 AIRFOIL.dat,8.0,5.0,1,1,,6,72.6,1.246995184929553,0.012510240671238985,71.44279902315061,,
USA 5 AIRFOIL.dat,-4.0,9.0,1,1,,14,154.9,-0.000956360407870746,0.008107483554057592,69.44298918790115,,
USA 5 AIRFOIL.dat,-2.0,9.0,1,1,,8,92.3,0.20541654230559875,0.006378252105651071,69.26045070372942,,
USA 5 AIRFOIL.dat,0.0,9.0,1,1,,38,306.0,0.41329372154660826,0.006206997084134718,69.346570582265,,
USA 5 AIRFOIL.dat,2.0,9.0,1,1,,31,264.5,0.6216237843723998,0.0068912190000272825,69.70355210583703,,
USA 5 AIRFOIL.dat,4.0,9.0,1,1,,10,94.4,0.8973802655354809,0.00625180252955539,68.14423283476921,,
USA 5 AIRFOIL.dat,6.0,9.0,0,0,nan_lock,100,247.7,,,,1,1
USA 5 AIRFOIL.dat,8.0,9.0,1,1,,6,63.5,1.2442179302263938,0.012817682395984291,71.54815281812884,,
WORTMANN FX 63-137 AIRFOIL.dat,-4.0,5.0,1,1,,11,122.0,0.4527174162154944,0.007174351493988839,69.23698594589175,,
WORTMANN FX 63-137 AIRFOIL.dat,-2.0,5.0,1,1,,9,96.5,0.6939540282964264,0.0068473631784489045,69.53233729620908,,
WORTMANN FX 63-137 AIRFOIL.dat,0.0,5.0,1,1,,28,234.0,0.9365522532887722,0.006693557334670469,69.82121481050899,,
WORTMANN FX 63-137 AIRFOIL.dat,2.0,5.0,1,1,,29,243.0,1.159775623339078,0.007838756994187629,70.49722264124259,,
WORTMANN FX 63-137 AIRFOIL.dat,4.0,5.0,1,1,,30,241.6,1.3675968026182543,0.009901858715344542,71.94736099611976,,
WORTMANN FX 63-137 AIRFOIL.dat,6.0,5.0,0,0,transition_front_oscillation,100,441.8,,,,0,0
WORTMANN FX 63-137 AIRFOIL.dat,8.0,5.0,1,1,,52,403.6,1.6975769496197377,0.01666451617976146,78.9709382367933,,
WORTMANN FX 63-137 AIRFOIL.dat,-4.0,9.0,1,1,,11,116.7,0.45825761631825485,0.00686741680023336,69.05565577219703,,
WORTMANN FX 63-137 AIRFOIL.dat,-2.0,9.0,1,1,,52,400.5,0.7089960775734062,0.005840292184707855,69.24024036547303,,
WORTMANN FX 63-137 AIRFOIL.dat,0.0,9.0,1,1,,26,202.1,0.9457681301598174,0.0059980069422163424,69.44226513004773,,
WORTMANN FX 63-137 AIRFOIL.dat,2.0,9.0,1,1,,15,131.5,1.1714074113853135,0.006894303217813681,69.9650434668306,,
WORTMANN FX 63-137 AIRFOIL.dat,4.0,9.0,1,1,,35,284.4,1.3860340472639185,0.008459877415065969,71.03440271700163,,
WORTMANN FX 63-137 AIRFOIL.dat,6.0,9.0,1,1,,57,416.7,1.5824312698649234,0.01095700854687914,73.08557398080472,,
WORTMANN FX 63-137 AIRFOIL.dat,8.0,9.0,0,0,no_convergence,100,447.1,,,,1,1
